City,Date,Fajr,Sunrise,Dhuhr,Asr,Maghrib,Isha
أم القطين,2026-03-12,05:26,06:42,12:44,16:07,18:45,20:01
أم القطين,2026-03-13,05:24,06:41,12:43,16:07,18:46,20:02
أم القطين,2026-03-14,05:23,06:40,12:43,16:07,18:47,20:02
أم القطين,2026-03-15,05:22,06:38,12:43,16:08,18:48,20:03
أم القطين,2026-03-16,05:21,06:37,12:42,16:08,18:48,20:04
أم القطين,2026-03-17,05:19,06:36,12:42,16:08,18:49,20:05
أم القطين,2026-03-18,05:18,06:34,12:42,16:08,18:50,20:05
أم القطين,2026-03-19,05:16,06:33,12:42,16:09,18:50,20:06
أم القطين,2026-03-20,05:15,06:32,12:41,16:09,18:51,20:07
أم القطين,2026-03-21,05:14,06:31,12:41,16:09,18:52,20:08
أم القطين,2026-03-22,05:12,06:29,12:41,16:09,18:53,20:09
أم القطين,2026-03-23,05:11,06:28,12:40,16:09,18:53,20:09
أم القطين,2026-03-24,05:10,06:27,12:40,16:09,18:54,20:10
أم القطين,2026-03-25,05:08,06:25,12:40,16:10,18:55,20:11
أم القطين,2026-03-26,05:07,06:24,12:39,16:10,18:55,20:12
أم القطين,2026-03-27,05:05,06:23,12:39,16:10,18:56,20:13
أم القطين,2026-03-28,05:04,06:22,12:39,16:10,18:57,20:13
أم القطين,2026-03-29,05:03,06:20,12:39,16:10,18:57,20:14
أم القطين,2026-03-30,05:01,06:19,12:38,16:10,18:58,20:15
أم القطين,2026-03-31,05:00,06:18,12:38,16:10,18:59,20:16
أم القطين,2026-04-01,04:58,06:16,12:38,16:10,18:59,20:17
أم القطين,2026-04-02,04:57,06:15,12:37,16:11,19:00,20:17
أم القطين,2026-04-03,04:56,06:14,12:37,16:11,19:01,20:18
أم القطين,2026-04-04,04:54,06:13,12:37,16:11,19:02,20:19
أم القطين,2026-04-05,04:53,06:11,12:36,16:11,19:02,20:20
أم القطين,2026-04-06,04:51,06:10,12:36,16:11,19:03,20:21
أم القطين,2026-04-07,04:50,06:09,12:36,16:11,19:04,20:22
أم القطين,2026-04-08,04:48,06:07,12:36,16:11,19:04,20:23
أم القطين,2026-04-09,04:47,06:06,12:35,16:11,19:05,20:24
أم القطين,2026-04-10,04:46,06:05,12:35,16:11,19:06,20:24
أم القطين,2026-04-11,04:44,06:04,12:35,16:11,19:06,20:25
أم القطين,2026-04-12,04:43,06:03,12:35,16:11,19:07,20:26
أم القطين,2026-04-13,04:41,06:01,12:34,16:11,19:08,20:27
أم القطين,2026-04-14,04:40,06:00,12:34,16:11,19:09,20:28
أم القطين,2026-04-15,04:38,05:59,12:34,16:11,19:09,20:29
أم القطين,2026-04-16,04:37,05:58,12:34,16:11,19:10,20:30
أم القطين,2026-04-17,04:36,05:57,12:33,16:11,19:11,20:31
أم القطين,2026-04-18,04:34,05:55,12:33,16:11,19:11,20:32
أم القطين,2026-04-19,04:33,05:54,12:33,16:11,19:12,20:33
أم القطين,2026-04-20,04:32,05:53,12:33,16:11,19:13,20:34
أم القطين,2026-04-21,04:30,05:52,12:33,16:11,19:14,20:35
أم القطين,2026-04-22,04:29,05:51,12:32,16:11,19:14,20:36
أم القطين,2026-04-23,04:27,05:50,12:32,16:11,19:15,20:37
أم القطين,2026-04-24,04:26,05:49,12:32,16:11,19:16,20:38
أم القطين,2026-04-25,04:25,05:48,12:32,16:11,19:16,20:39
أم القطين,2026-04-26,04:23,05:47,12:32,16:11,19:17,20:39
أم القطين,2026-04-27,04:22,05:45,12:31,16:11,19:18,20:40
أم القطين,2026-04-28,04:21,05:44,12:31,16:11,19:19,20:41
أم القطين,2026-04-29,04:20,05:43,12:31,16:11,19:19,20:42
أم القطين,2026-04-30,04:18,05:42,12:31,16:11,19:20,20:43
أم القطين,2026-05-01,04:17,05:41,12:31,16:11,19:21,20:44
أم القطين,2026-05-02,04:16,05:40,12:31,16:11,19:22,20:45
أم القطين,2026-05-03,04:15,05:40,12:31,16:11,19:22,20:47
أم القطين,2026-05-04,04:13,05:39,12:31,16:11,19:23,20:48
أم القطين,2026-05-05,04:12,05:38,12:30,16:11,19:24,20:49
أم القطين,2026-05-06,04:11,05:37,12:30,16:11,19:24,20:50
أم القطين,2026-05-07,04:10,05:36,12:30,16:11,19:25,20:51
أم القطين,2026-05-08,04:09,05:35,12:30,16:11,19:26,20:52
أم القطين,2026-05-09,04:08,05:34,12:30,16:11,19:27,20:53
أم القطين,2026-05-10,04:06,05:33,12:30,16:11,19:27,20:54
أم القطين,2026-05-11,04:05,05:33,12:30,16:11,19:28,20:55
أم القطين,2026-05-12,04:04,05:32,12:30,16:11,19:29,20:56
أم القطين,2026-05-13,04:03,05:31,12:30,16:11,19:30,20:57
أم القطين,2026-05-14,04:02,05:30,12:30,16:11,19:30,20:58
أم القطين,2026-05-15,04:01,05:30,12:30,16:11,19:31,20:59
أم القطين,2026-05-16,04:00,05:29,12:30,16:11,19:32,21:00
أم القطين,2026-05-17,03:59,05:28,12:30,16:12,19:32,21:01
أم القطين,2026-05-18,03:58,05:28,12:30,16:12,19:33,21:02
أم القطين,2026-05-19,03:58,05:27,12:30,16:12,19:34,21:03
أم القطين,2026-05-20,03:57,05:27,12:30,16:12,19:34,21:04
أم القطين,2026-05-21,03:56,05:26,12:30,16:12,19:35,21:05
أم القطين,2026-05-22,03:55,05:25,12:30,16:12,19:36,21:05
أم القطين,2026-05-23,03:54,05:25,12:31,16:12,19:36,21:06
أم القطين,2026-05-24,03:53,05:24,12:31,16:12,19:37,21:07
أم القطين,2026-05-25,03:53,05:24,12:31,16:12,19:38,21:08
أم القطين,2026-05-26,03:52,05:24,12:31,16:12,19:38,21:09
أم القطين,2026-05-27,03:51,05:23,12:31,16:12,19:39,21:10
أم القطين,2026-05-28,03:51,05:23,12:31,16:12,19:40,21:11
أم القطين,2026-05-29,03:50,05:22,12:31,16:13,19:40,21:12
أم القطين,2026-05-30,03:50,05:22,12:31,16:13,19:41,21:13
أم القطين,2026-05-31,03:49,05:22,12:31,16:13,19:41,21:13
أم القطين,2026-06-01,03:49,05:21,12:32,16:13,19:42,21:14
أم القطين,2026-06-02,03:48,05:21,12:32,16:13,19:43,21:15
أم القطين,2026-06-03,03:48,05:21,12:32,16:13,19:43,21:16
أم القطين,2026-06-04,03:47,05:21,12:32,16:13,19:44,21:16
أم القطين,2026-06-05,03:47,05:20,12:32,16:14,19:44,21:17
أم القطين,2026-06-06,03:46,05:20,12:32,16:14,19:45,21:18
أم القطين,2026-06-07,03:46,05:20,12:33,16:14,19:45,21:18
أم القطين,2026-06-08,03:46,05:20,12:33,16:14,19:46,21:19
أم القطين,2026-06-09,03:46,05:20,12:33,16:14,19:46,21:20
أم القطين,2026-06-10,03:45,05:20,12:33,16:14,19:47,21:20
أم القطين,2026-06-11,03:45,05:20,12:33,16:15,19:47,21:21
أم القطين,2026-06-12,03:45,05:20,12:34,16:15,19:47,21:21
أم القطين,2026-06-13,03:45,05:20,12:34,16:15,19:48,21:22
أم القطين,2026-06-14,03:45,05:20,12:34,16:15,19:48,21:22
أم القطين,2026-06-15,03:45,05:20,12:34,16:15,19:49,21:23
أم القطين,2026-06-16,03:45,05:20,12:35,16:16,19:49,21:23
أم القطين,2026-06-17,03:45,05:20,12:35,16:16,19:49,21:23
أم القطين,2026-06-18,03:45,05:20,12:35,16:16,19:50,21:24
أم القطين,2026-06-19,03:45,05:20,12:35,16:16,19:50,21:24
أم القطين,2026-06-20,03:45,05:21,12:35,16:17,19:50,21:24
أم القطين,2026-06-21,03:46,05:21,12:36,16:17,19:50,21:24
أم القطين,2026-06-22,03:46,05:21,12:36,16:17,19:50,21:25
أم القطين,2026-06-23,03:46,05:21,12:36,16:17,19:51,21:25
أم القطين,2026-06-24,03:46,05:22,12:36,16:17,19:51,21:25
أم القطين,2026-06-25,03:47,05:22,12:36,16:18,19:51,21:25
أم القطين,2026-06-26,03:47,05:22,12:37,16:18,19:51,21:25
أم القطين,2026-06-27,03:47,05:23,12:37,16:18,19:51,21:25
أم القطين,2026-06-28,03:48,05:23,12:37,16:18,19:51,21:25
أم القطين,2026-06-29,03:48,05:23,12:37,16:18,19:51,21:25
أم القطين,2026-06-30,03:49,05:24,12:37,16:19,19:51,21:25
أم القطين,2026-07-01,03:49,05:24,12:38,16:19,19:51,21:25
أم القطين,2026-07-02,03:50,05:24,12:38,16:19,19:51,21:25
أم القطين,2026-07-03,03:50,05:25,12:38,16:19,19:51,21:24
أم القطين,2026-07-04,03:51,05:25,12:38,16:19,19:51,21:24
أم القطين,2026-07-05,03:52,05:26,12:38,16:20,19:51,21:24
أم القطين,2026-07-06,03:52,05:26,12:39,16:20,19:51,21:23
أم القطين,2026-07-07,03:53,05:27,12:39,16:20,19:50,21:23
أم القطين,2026-07-08,03:54,05:27,12:39,16:20,19:50,21:23
أم القطين,2026-07-09,03:54,05:28,12:39,16:20,19:50,21:22
أم القطين,2026-07-10,03:55,05:28,12:39,16:20,19:50,21:22
أم القطين,2026-07-11,03:56,05:29,12:39,16:21,19:50,21:21
أم القطين,2026-07-12,03:57,05:29,12:39,16:21,19:49,21:21
أم القطين,2026-07-13,03:57,05:30,12:40,16:21,19:49,21:20
أم القطين,2026-07-14,03:58,05:31,12:40,16:21,19:48,21:20
أم القطين,2026-07-15,03:59,05:31,12:40,16:21,19:48,21:19
أم القطين,2026-07-16,04:00,05:32,12:40,16:21,19:48,21:18
أم القطين,2026-07-17,04:01,05:32,12:40,16:21,19:47,21:18
أم القطين,2026-07-18,04:02,05:33,12:40,16:21,19:47,21:17
أم القطين,2026-07-19,04:02,05:34,12:40,16:21,19:46,21:16
أم القطين,2026-07-20,04:03,05:34,12:40,16:22,19:46,21:15
أم القطين,2026-07-21,04:04,05:35,12:40,16:22,19:45,21:15
أم القطين,2026-07-22,04:05,05:36,12:40,16:22,19:45,21:14
أم القطين,2026-07-23,04:06,05:36,12:40,16:22,19:44,21:13
أم القطين,2026-07-24,04:07,05:37,12:40,16:22,19:43,21:12
أم القطين,2026-07-25,04:08,05:37,12:40,16:22,19:43,21:11
أم القطين,2026-07-26,04:09,05:38,12:40,16:22,19:42,21:10
أم القطين,2026-07-27,04:10,05:39,12:40,16:22,19:41,21:09
أم القطين,2026-07-28,04:11,05:39,12:40,16:21,19:41,21:08
أم القطين,2026-07-29,04:12,05:40,12:40,16:21,19:40,21:07
أم القطين,2026-07-30,04:13,05:41,12:40,16:21,19:39,21:06
أم القطين,2026-07-31,04:14,05:41,12:40,16:21,19:39,21:05
أم القطين,2026-08-01,04:15,05:42,12:40,16:21,19:38,21:04
أم القطين,2026-08-02,04:16,05:43,12:40,16:21,19:37,21:03
أم القطين,2026-08-03,04:16,05:44,12:40,16:21,19:36,21:02
أم القطين,2026-08-04,04:17,05:44,12:40,16:21,19:35,21:01
أم القطين,2026-08-05,04:18,05:45,12:40,16:21,19:34,20:59
أم القطين,2026-08-06,04:19,05:46,12:40,16:20,19:33,20:58
أم القطين,2026-08-07,04:20,05:46,12:40,16:20,19:32,20:57
أم القطين,2026-08-08,04:21,05:47,12:39,16:20,19:32,20:56
أم القطين,2026-08-09,04:22,05:48,12:39,16:20,19:31,20:55
أم القطين,2026-08-10,04:23,05:48,12:39,16:19,19:30,20:53
أم القطين,2026-08-11,04:24,05:49,12:39,16:19,19:29,20:52
أم القطين,2026-08-12,04:25,05:50,12:39,16:19,19:28,20:51
أم القطين,2026-08-13,04:26,05:50,12:39,16:19,19:27,20:50
أم القطين,2026-08-14,04:27,05:51,12:39,16:18,19:26,20:48
أم القطين,2026-08-15,04:28,05:52,12:38,16:18,19:24,20:47
أم القطين,2026-08-16,04:29,05:52,12:38,16:17,19:23,20:46
أم القطين,2026-08-17,04:30,05:53,12:38,16:17,19:22,20:44
أم القطين,2026-08-18,04:31,05:54,12:38,16:17,19:21,20:43
أم القطين,2026-08-19,04:32,05:54,12:37,16:16,19:20,20:41
أم القطين,2026-08-20,04:33,05:55,12:37,16:16,19:19,20:40
أم القطين,2026-08-21,04:33,05:56,12:37,16:15,19:18,20:39
أم القطين,2026-08-22,04:34,05:56,12:37,16:15,19:17,20:37
أم القطين,2026-08-23,04:35,05:57,12:36,16:15,19:15,20:36
أم القطين,2026-08-24,04:36,05:58,12:36,16:14,19:14,20:34
أم القطين,2026-08-25,04:37,05:58,12:36,16:14,19:13,20:33
أم القطين,2026-08-26,04:38,05:59,12:36,16:13,19:12,20:32
أم القطين,2026-08-27,04:39,06:00,12:35,16:12,19:11,20:30
أم القطين,2026-08-28,04:40,06:00,12:35,16:12,19:09,20:29
أم القطين,2026-08-29,04:40,06:01,12:35,16:11,19:08,20:27
أم القطين,2026-08-30,04:41,06:01,12:34,16:11,19:07,20:26
أم القطين,2026-08-31,04:42,06:02,12:34,16:10,19:06,20:24
أم القطين,2026-09-01,04:43,06:03,12:34,16:10,19:04,20:23
أم القطين,2026-09-02,04:44,06:03,12:34,16:09,19:03,20:21
أم القطين,2026-09-03,04:45,06:04,12:33,16:08,19:02,20:20
أم القطين,2026-09-04,04:45,06:05,12:33,16:08,19:01,20:19
أم القطين,2026-09-05,04:46,06:05,12:33,16:07,18:59,20:17
أم القطين,2026-09-06,04:47,06:06,12:32,16:06,18:58,20:16
أم القطين,2026-09-07,04:48,06:07,12:32,16:06,18:57,20:14
أم القطين,2026-09-08,04:49,06:07,12:32,16:05,18:55,20:13
أم القطين,2026-09-09,04:49,06:08,12:31,16:04,18:54,20:11
أم القطين,2026-09-10,04:50,06:08,12:31,16:03,18:53,20:10
أم القطين,2026-09-11,04:51,06:09,12:30,16:03,18:51,20:08
أم القطين,2026-09-12,04:52,06:10,12:30,16:02,18:50,20:07
أم القطين,2026-09-13,04:52,06:10,12:30,16:01,18:49,20:05
أم القطين,2026-09-14,04:53,06:11,12:29,16:00,18:47,20:04
أم القطين,2026-09-15,04:54,06:11,12:29,16:00,18:46,20:03
أم القطين,2026-09-16,04:55,06:12,12:29,15:59,18:45,20:01
أم القطين,2026-09-17,04:55,06:13,12:28,15:58,18:43,20:00
أم القطين,2026-09-18,04:56,06:13,12:28,15:57,18:42,19:58
أم القطين,2026-09-19,04:57,06:14,12:28,15:57,18:41,19:57
أم القطين,2026-09-20,04:58,06:15,12:27,15:56,18:39,19:55
أم القطين,2026-09-21,04:58,06:15,12:27,15:55,18:38,19:54
أم القطين,2026-09-22,04:59,06:16,12:27,15:54,18:37,19:53
أم القطين,2026-09-23,05:00,06:17,12:26,15:53,18:35,19:51
أم القطين,2026-09-24,05:00,06:17,12:26,15:52,18:34,19:50
أم القطين,2026-09-25,05:01,06:18,12:26,15:52,18:33,19:48
أم القطين,2026-09-26,05:02,06:18,12:25,15:51,18:31,19:47
أم القطين,2026-09-27,05:02,06:19,12:25,15:50,18:30,19:46
أم القطين,2026-09-28,05:03,06:20,12:24,15:49,18:29,19:44
أم القطين,2026-09-29,05:04,06:20,12:24,15:48,18:27,19:43
أم القطين,2026-09-30,05:04,06:21,12:24,15:47,18:26,19:42
أم القطين,2026-10-01,05:05,06:22,12:23,15:46,18:25,19:40
أم القطين,2026-10-02,05:06,06:22,12:23,15:45,18:24,19:39
أم القطين,2026-10-03,05:07,06:23,12:23,15:45,18:22,19:38
أم القطين,2026-10-04,05:07,06:24,12:23,15:44,18:21,19:36
أم القطين,2026-10-05,05:08,06:24,12:22,15:43,18:20,19:35
أم القطين,2026-10-06,05:09,06:25,12:22,15:42,18:18,19:34
أم القطين,2026-10-07,05:09,06:26,12:22,15:41,18:17,19:32
أم القطين,2026-10-08,05:10,06:26,12:21,15:40,18:16,19:31
أم القطين,2026-10-09,05:11,06:27,12:21,15:39,18:15,19:30
أم القطين,2026-10-10,05:11,06:28,12:21,15:38,18:13,19:29
أم القطين,2026-10-11,05:12,06:28,12:21,15:38,18:12,19:28
أم القطين,2026-10-12,05:13,06:29,12:20,15:37,18:11,19:26
أم القطين,2026-10-13,05:13,06:30,12:20,15:36,18:10,19:25
أم القطين,2026-10-14,05:14,06:31,12:20,15:35,18:09,19:24
أم القطين,2026-10-15,05:15,06:31,12:20,15:34,18:07,19:23
أم القطين,2026-10-16,05:15,06:32,12:19,15:33,18:06,19:22
أم القطين,2026-10-17,05:16,06:33,12:19,15:32,18:05,19:21
أم القطين,2026-10-18,05:17,06:33,12:19,15:32,18:04,19:20
أم القطين,2026-10-19,05:17,06:34,12:19,15:31,18:03,19:19
أم القطين,2026-10-20,05:18,06:35,12:19,15:30,18:02,19:18
أم القطين,2026-10-21,05:19,06:36,12:18,15:29,18:01,19:17
أم القطين,2026-10-22,05:20,06:36,12:18,15:28,18:00,19:16
أم القطين,2026-10-23,05:20,06:37,12:18,15:28,17:59,19:15
أم القطين,2026-10-24,05:21,06:38,12:18,15:27,17:58,19:14
أم القطين,2026-10-25,05:22,06:39,12:18,15:26,17:57,19:13
أم القطين,2026-10-26,05:22,06:40,12:18,15:25,17:56,19:12
أم القطين,2026-10-27,05:23,06:40,12:18,15:25,17:55,19:11
أم القطين,2026-10-28,05:24,06:41,12:18,15:24,17:54,19:10
أم القطين,2026-10-29,05:24,06:42,12:18,15:23,17:53,19:09
أم القطين,2026-10-30,05:25,06:43,12:17,15:22,17:52,19:08
أم القطين,2026-10-31,05:26,06:44,12:17,15:22,17:51,19:07
أم القطين,2026-11-01,05:27,06:44,12:17,15:21,17:50,19:07
أم القطين,2026-11-02,05:27,06:45,12:17,15:20,17:49,19:06
أم القطين,2026-11-03,05:28,06:46,12:17,15:20,17:48,19:05
أم القطين,2026-11-04,05:29,06:47,12:17,15:19,17:47,19:04
أم القطين,2026-11-05,05:30,06:48,12:17,15:18,17:47,19:04
أم القطين,2026-11-06,05:30,06:49,12:17,15:18,17:46,19:03
أم القطين,2026-11-07,05:31,06:49,12:17,15:17,17:45,19:02
أم القطين,2026-11-08,05:32,06:50,12:18,15:17,17:44,19:02
أم القطين,2026-11-09,05:33,06:51,12:18,15:16,17:44,19:01
أم القطين,2026-11-10,05:33,06:52,12:18,15:16,17:43,19:01
أم القطين,2026-11-11,05:34,06:53,12:18,15:15,17:42,19:00
أم القطين,2026-11-12,05:35,06:54,12:18,15:15,17:42,19:00
أم القطين,2026-11-13,05:36,06:55,12:18,15:14,17:41,18:59
أم القطين,2026-11-14,05:36,06:56,12:18,15:14,17:41,18:59
أم القطين,2026-11-15,05:37,06:56,12:18,15:13,17:40,18:58
أم القطين,2026-11-16,05:38,06:57,12:19,15:13,17:39,18:58
أم القطين,2026-11-17,05:39,06:58,12:19,15:13,17:39,18:58
أم القطين,2026-11-18,05:39,06:59,12:19,15:12,17:39,18:57
أم القطين,2026-11-19,05:40,07:00,12:19,15:12,17:38,18:57
أم القطين,2026-11-20,05:41,07:01,12:19,15:12,17:38,18:57
أم القطين,2026-11-21,05:42,07:02,12:20,15:11,17:37,18:56
أم القطين,2026-11-22,05:42,07:03,12:20,15:11,17:37,18:56
أم القطين,2026-11-23,05:43,07:03,12:20,15:11,17:37,18:56
أم القطين,2026-11-24,05:44,07:04,12:20,15:11,17:36,18:56
أم القطين,2026-11-25,05:45,07:05,12:21,15:10,17:36,18:56
أم القطين,2026-11-26,05:45,07:06,12:21,15:10,17:36,18:55
أم القطين,2026-11-27,05:46,07:07,12:21,15:10,17:36,18:55
أم القطين,2026-11-28,05:47,07:08,12:22,15:10,17:35,18:55
أم القطين,2026-11-29,05:48,07:09,12:22,15:10,17:35,18:55
أم القطين,2026-11-30,05:48,07:09,12:22,15:10,17:35,18:55
أم القطين,2026-12-01,05:49,07:10,12:23,15:10,17:35,18:55
أم القطين,2026-12-02,05:50,07:11,12:23,15:10,17:35,18:55
أم القطين,2026-12-03,05:51,07:12,12:24,15:10,17:35,18:55
أم القطين,2026-12-04,05:51,07:13,12:24,15:10,17:35,18:55
أم القطين,2026-12-05,05:52,07:13,12:24,15:10,17:35,18:55
أم القطين,2026-12-06,05:53,07:14,12:25,15:10,17:35,18:56
أم القطين,2026-12-07,05:53,07:15,12:25,15:10,17:35,18:56
أم القطين,2026-12-08,05:54,07:16,12:26,15:11,17:35,18:56
أم القطين,2026-12-09,05:55,07:17,12:26,15:11,17:35,18:56
أم القطين,2026-12-10,05:55,07:17,12:27,15:11,17:36,18:56
أم القطين,2026-12-11,05:56,07:18,12:27,15:11,17:36,18:57
أم القطين,2026-12-12,05:57,07:19,12:27,15:11,17:36,18:57
أم القطين,2026-12-13,05:57,07:19,12:28,15:12,17:36,18:57
أم القطين,2026-12-14,05:58,07:20,12:28,15:12,17:37,18:58
أم القطين,2026-12-15,05:59,07:21,12:29,15:12,17:37,18:58
أم القطين,2026-12-16,05:59,07:21,12:29,15:13,17:37,18:58
أم القطين,2026-12-17,06:00,07:22,12:30,15:13,17:38,18:59
أم القطين,2026-12-18,06:00,07:22,12:30,15:14,17:38,18:59
أم القطين,2026-12-19,06:01,07:23,12:31,15:14,17:39,19:00
أم القطين,2026-12-20,06:01,07:24,12:31,15:14,17:39,19:00
أم القطين,2026-12-21,06:02,07:24,12:32,15:15,17:39,19:01
أم القطين,2026-12-22,06:02,07:25,12:32,15:15,17:40,19:01
أم القطين,2026-12-23,06:03,07:25,12:33,15:16,17:40,19:02
أم القطين,2026-12-24,06:03,07:26,12:33,15:17,17:41,19:02
أم القطين,2026-12-25,06:04,07:26,12:34,15:17,17:42,19:03
أم القطين,2026-12-26,06:04,07:26,12:34,15:18,17:42,19:03
أم القطين,2026-12-27,06:05,07:27,12:35,15:18,17:43,19:04
أم القطين,2026-12-28,06:05,07:27,12:35,15:19,17:43,19:04
أم القطين,2026-12-29,06:05,07:27,12:36,15:20,17:44,19:05
أم القطين,2026-12-30,06:06,07:28,12:36,15:20,17:45,19:06
أم القطين,2026-12-31,06:06,07:28,12:37,15:21,17:45,19:06
اربد,2026-03-12,05:29,06:46,12:46,16:10,18:48,20:04
اربد,2026-03-13,05:27,06:45,12:46,16:10,18:48,20:05
اربد,2026-03-14,05:26,06:43,12:46,16:10,18:49,20:06
اربد,2026-03-15,05:25,06:42,12:46,16:10,18:50,20:06
اربد,2026-03-16,05:23,06:41,12:45,16:11,18:51,20:07
اربد,2026-03-17,05:22,06:40,12:45,16:11,18:51,20:08
اربد,2026-03-18,05:21,06:38,12:45,16:11,18:52,20:09
اربد,2026-03-19,05:19,06:37,12:45,16:11,18:53,20:09
اربد,2026-03-20,05:18,06:36,12:44,16:12,18:54,20:10
اربد,2026-03-21,05:17,06:34,12:44,16:12,18:54,20:11
اربد,2026-03-22,05:15,06:33,12:44,16:12,18:55,20:12
اربد,2026-03-23,05:14,06:32,12:43,16:12,18:56,20:13
اربد,2026-03-24,05:12,06:30,12:43,16:12,18:56,20:13
اربد,2026-03-25,05:11,06:29,12:43,16:13,18:57,20:14
اربد,2026-03-26,05:10,06:28,12:42,16:13,18:58,20:15
اربد,2026-03-27,05:08,06:26,12:42,16:13,18:58,20:16
اربد,2026-03-28,05:07,06:25,12:42,16:13,18:59,20:17
اربد,2026-03-29,05:05,06:24,12:42,16:13,19:00,20:18
اربد,2026-03-30,05:04,06:23,12:41,16:13,19:01,20:18
اربد,2026-03-31,05:03,06:21,12:41,16:13,19:01,20:19
اربد,2026-04-01,05:01,06:20,12:41,16:14,19:02,20:20
اربد,2026-04-02,05:00,06:19,12:40,16:14,19:03,20:21
اربد,2026-04-03,04:58,06:17,12:40,16:14,19:03,20:22
اربد,2026-04-04,04:57,06:16,12:40,16:14,19:04,20:23
اربد,2026-04-05,04:55,06:15,12:39,16:14,19:05,20:23
اربد,2026-04-06,04:54,06:14,12:39,16:14,19:05,20:24
اربد,2026-04-07,04:52,06:12,12:39,16:14,19:06,20:25
اربد,2026-04-08,04:51,06:11,12:39,16:14,19:07,20:26
اربد,2026-04-09,04:50,06:10,12:38,16:14,19:08,20:27
اربد,2026-04-10,04:48,06:09,12:38,16:14,19:08,20:28
اربد,2026-04-11,04:47,06:07,12:38,16:14,19:09,20:29
اربد,2026-04-12,04:45,06:06,12:38,16:14,19:10,20:30
اربد,2026-04-13,04:44,06:05,12:37,16:14,19:10,20:31
اربد,2026-04-14,04:42,06:04,12:37,16:14,19:11,20:32
اربد,2026-04-15,04:41,06:02,12:37,16:14,19:12,20:33
اربد,2026-04-16,04:40,06:01,12:37,16:14,19:13,20:33
اربد,2026-04-17,04:38,06:00,12:36,16:14,19:13,20:34
اربد,2026-04-18,04:37,05:59,12:36,16:14,19:14,20:35
اربد,2026-04-19,04:35,05:58,12:36,16:14,19:15,20:36
اربد,2026-04-20,04:34,05:57,12:36,16:14,19:16,20:37
اربد,2026-04-21,04:33,05:55,12:35,16:14,19:16,20:38
اربد,2026-04-22,04:31,05:54,12:35,16:14,19:17,20:39
اربد,2026-04-23,04:30,05:53,12:35,16:14,19:18,20:40
اربد,2026-04-24,04:29,05:52,12:35,16:14,19:18,20:41
اربد,2026-04-25,04:27,05:51,12:35,16:14,19:19,20:42
اربد,2026-04-26,04:26,05:50,12:35,16:14,19:20,20:43
اربد,2026-04-27,04:25,05:49,12:34,16:15,19:21,20:44
اربد,2026-04-28,04:23,05:48,12:34,16:15,19:21,20:45
اربد,2026-04-29,04:22,05:47,12:34,16:15,19:22,20:46
اربد,2026-04-30,04:21,05:46,12:34,16:15,19:23,20:47
اربد,2026-05-01,04:19,05:45,12:34,16:15,19:24,20:48
اربد,2026-05-02,04:18,05:44,12:34,16:15,19:24,20:49
اربد,2026-05-03,04:17,05:43,12:34,16:15,19:25,20:50
اربد,2026-05-04,04:16,05:42,12:34,16:15,19:26,20:51
اربد,2026-05-05,04:14,05:41,12:33,16:15,19:27,20:52
اربد,2026-05-06,04:13,05:40,12:33,16:15,19:27,20:53
اربد,2026-05-07,04:12,05:39,12:33,16:15,19:28,20:54
اربد,2026-05-08,04:11,05:38,12:33,16:15,19:29,20:56
اربد,2026-05-09,04:10,05:38,12:33,16:15,19:29,20:57
اربد,2026-05-10,04:09,05:37,12:33,16:15,19:30,20:58
اربد,2026-05-11,04:08,05:36,12:33,16:15,19:31,20:59
اربد,2026-05-12,04:06,05:35,12:33,16:15,19:32,21:00
اربد,2026-05-13,04:05,05:34,12:33,16:15,19:32,21:01
اربد,2026-05-14,04:04,05:34,12:33,16:15,19:33,21:02
اربد,2026-05-15,04:03,05:33,12:33,16:15,19:34,21:03
اربد,2026-05-16,04:02,05:32,12:33,16:15,19:35,21:04
اربد,2026-05-17,04:01,05:32,12:33,16:15,19:35,21:05
اربد,2026-05-18,04:01,05:31,12:33,16:15,19:36,21:06
اربد,2026-05-19,04:00,05:30,12:33,16:15,19:37,21:07
اربد,2026-05-20,03:59,05:30,12:33,16:15,19:37,21:08
اربد,2026-05-21,03:58,05:29,12:33,16:15,19:38,21:09
اربد,2026-05-22,03:57,05:29,12:33,16:15,19:39,21:10
اربد,2026-05-23,03:56,05:28,12:34,16:16,19:39,21:11
اربد,2026-05-24,03:55,05:28,12:34,16:16,19:40,21:11
اربد,2026-05-25,03:55,05:27,12:34,16:16,19:41,21:12
اربد,2026-05-26,03:54,05:27,12:34,16:16,19:41,21:13
اربد,2026-05-27,03:53,05:26,12:34,16:16,19:42,21:14
اربد,2026-05-28,03:53,05:26,12:34,16:16,19:43,21:15
اربد,2026-05-29,03:52,05:25,12:34,16:16,19:43,21:16
اربد,2026-05-30,03:52,05:25,12:34,16:16,19:44,21:17
اربد,2026-05-31,03:51,05:25,12:34,16:16,19:44,21:18
اربد,2026-06-01,03:50,05:25,12:35,16:17,19:45,21:18
اربد,2026-06-02,03:50,05:24,12:35,16:17,19:46,21:19
اربد,2026-06-03,03:50,05:24,12:35,16:17,19:46,21:20
اربد,2026-06-04,03:49,05:24,12:35,16:17,19:47,21:21
اربد,2026-06-05,03:49,05:24,12:35,16:17,19:47,21:21
اربد,2026-06-06,03:48,05:23,12:35,16:17,19:48,21:22
اربد,2026-06-07,03:48,05:23,12:36,16:18,19:48,21:23
اربد,2026-06-08,03:48,05:23,12:36,16:18,19:49,21:23
اربد,2026-06-09,03:48,05:23,12:36,16:18,19:49,21:24
الأزرق,2026-03-12,05:26,06:43,12:42,16:06,18:42,20:00
الأزرق,2026-03-13,05:25,06:42,12:42,16:06,18:43,20:00
الأزرق,2026-03-14,05:23,06:41,12:42,16:06,18:44,20:01
الأزرق,2026-03-15,05:22,06:39,12:42,16:07,18:45,20:02
الأزرق,2026-03-16,05:21,06:38,12:41,16:07,18:45,20:03
الأزرق,2026-03-17,05:20,06:37,12:41,16:07,18:46,20:03
الأزرق,2026-03-18,05:18,06:35,12:41,16:07,18:47,20:04
الأزرق,2026-06-02,03:50,05:23,12:31,16:11,19:38,21:12
الأزرق,2026-06-03,03:49,05:23,12:31,16:11,19:39,21:13
الأزرق,2026-06-04,03:49,05:23,12:31,16:11,19:39,21:14
الأزرق,2026-06-05,03:49,05:23,12:31,16:12,19:40,21:14
الأزرق,2026-06-06,03:48,05:23,12:31,16:12,19:40,21:15
الأزرق,2026-06-07,03:48,05:22,12:32,16:12,19:41,21:16
الأزرق,2026-06-08,03:48,05:22,12:32,16:12,19:41,21:16
الأزرق,2026-06-09,03:47,05:22,12:32,16:12,19:42,21:17
الأزرق,2026-06-10,03:47,05:22,12:32,16:12,19:42,21:17
الأزرق,2026-06-11,03:47,05:22,12:32,16:13,19:43,21:18
الأزرق,2026-06-12,03:47,05:22,12:33,16:13,19:43,21:18
الأزرق,2026-06-13,03:47,05:22,12:33,16:13,19:44,21:19
الأزرق,2026-06-14,03:47,05:22,12:33,16:13,19:44,21:19
الأزرق,2026-06-15,03:47,05:22,12:33,16:13,19:44,21:20
الأزرق,2026-06-16,03:47,05:22,12:33,16:14,19:45,21:20
الأزرق,2026-06-17,03:47,05:22,12:34,16:14,19:45,21:20
الأزرق,2026-06-18,03:47,05:23,12:34,16:14,19:45,21:21
الأزرق,2026-06-19,03:47,05:23,12:34,16:14,19:45,21:21
الأزرق,2026-06-20,03:47,05:23,12:34,16:14,19:46,21:21
الأزرق,2026-06-21,03:48,05:23,12:35,16:15,19:46,21:22
الأزرق,2026-06-22,03:48,05:23,12:35,16:15,19:46,21:22
الأزرق,2026-06-23,03:48,05:24,12:35,16:15,19:46,21:22
الأزرق,2026-06-24,03:48,05:24,12:35,16:15,19:46,21:22
الأزرق,2026-06-25,03:49,05:24,12:35,16:16,19:47,21:22
الأزرق,2026-06-26,03:49,05:24,12:36,16:16,19:47,21:22
الأزرق,2026-06-27,03:49,05:25,12:36,16:16,19:47,21:22
الأزرق,2026-06-28,03:50,05:25,12:36,16:16,19:47,21:22
الأزرق,2026-06-29,03:50,05:25,12:36,16:16,19:47,21:22
الأزرق,2026-06-30,03:51,05:26,12:36,16:17,19:47,21:22
الأزرق,2026-07-01,03:51,05:26,12:37,16:17,19:47,21:22
الأزرق,2026-07-02,03:52,05:27,12:37,16:17,19:47,21:22
الأزرق,2026-07-03,03:52,05:27,12:37,16:17,19:47,21:21
الأزرق,2026-07-04,03:53,05:28,12:37,16:17,19:47,21:21
الأزرق,2026-07-05,03:53,05:28,12:37,16:18,19:47,21:21
الأزرق,2026-07-06,03:54,05:28,12:38,16:18,19:46,21:21
الأزرق,2026-07-07,03:55,05:29,12:38,16:18,19:46,21:20
الأزرق,2026-07-08,03:55,05:29,12:38,16:18,19:46,21:20
الأزرق,2026-07-09,03:56,05:30,12:38,16:18,19:46,21:19
الأزرق,2026-07-10,03:57,05:31,12:38,16:18,19:46,21:19
الأزرق,2026-07-11,03:58,05:31,12:38,16:19,19:45,21:19
الأزرق,2026-07-12,03:58,05:32,12:38,16:19,19:45,21:18
الأزرق,2026-07-13,03:59,05:32,12:39,16:19,19:45,21:17
الأزرق,2026-07-14,04:00,05:33,12:39,16:19,19:44,21:17
الأزرق,2026-07-15,04:01,05:33,12:39,16:19,19:44,21:16
الأزرق,2026-07-16,04:01,05:34,12:39,16:19,19:44,21:16
الأزرق,2026-07-17,04:02,05:34,12:39,16:19,19:43,21:15
الأزرق,2026-07-18,04:03,05:35,12:39,16:19,19:43,21:14
الأزرق,2026-07-19,04:04,05:36,12:39,16:20,19:42,21:14
الأزرق,2026-07-20,04:05,05:36,12:39,16:20,19:42,21:13
الأزرق,2026-07-21,04:06,05:37,12:39,16:20,19:41,21:12
الأزرق,2026-07-22,04:07,05:38,12:39,16:20,19:41,21:11
الأزرق,2026-07-23,04:08,05:38,12:39,16:20,19:40,21:10
الأزرق,2026-07-24,04:09,05:39,12:39,16:20,19:39,21:09
الأزرق,2026-07-25,04:09,05:40,12:39,16:20,19:39,21:09
الأزرق,2026-07-26,04:10,05:40,12:39,16:20,19:38,21:08
الأزرق,2026-07-27,04:11,05:41,12:39,16:20,19:37,21:07
الأزرق,2026-07-28,04:12,05:41,12:39,16:20,19:37,21:06
الأزرق,2026-07-29,04:13,05:42,12:39,16:20,19:36,21:05
الأزرق,2026-07-30,04:14,05:43,12:39,16:20,19:35,21:04
الأزرق,2026-07-31,04:15,05:43,12:39,16:19,19:35,21:03
الأزرق,2026-08-01,04:16,05:44,12:39,16:19,19:34,21:02
الأزرق,2026-08-02,04:17,05:45,12:39,16:19,19:33,21:00
الأزرق,2026-08-03,04:18,05:45,12:39,16:19,19:32,20:59
الأزرق,2026-08-04,04:19,05:46,12:39,16:19,19:31,20:58
الأزرق,2026-08-05,04:20,05:47,12:39,16:19,19:30,20:57
الأزرق,2026-08-06,04:21,05:47,12:39,16:19,19:29,20:56
الأزرق,2026-08-07,04:22,05:48,12:39,16:18,19:29,20:55
الأزرق,2026-08-08,04:23,05:49,12:38,16:18,19:28,20:54
الأزرق,2026-08-09,04:24,05:49,12:38,16:18,19:27,20:52
الأزرق,2026-08-10,04:24,05:50,12:38,16:18,19:26,20:51
الأزرق,2026-08-11,04:25,05:51,12:38,16:17,19:25,20:50
الأزرق,2026-08-12,04:26,05:51,12:38,16:17,19:24,20:49
الأزرق,2026-08-13,04:27,05:52,12:38,16:17,19:23,20:47
الأزرق,2026-08-14,04:28,05:53,12:37,16:17,19:22,20:46
الأزرق,2026-08-15,04:29,05:53,12:37,16:16,19:21,20:45
الأزرق,2026-08-16,04:30,05:54,12:37,16:16,19:20,20:43
الأزرق,2026-08-17,04:31,05:55,12:37,16:16,19:19,20:42
الأزرق,2026-08-18,04:32,05:55,12:37,16:15,19:17,20:41
الأزرق,2026-08-19,04:33,05:56,12:36,16:15,19:16,20:39
الأزرق,2026-08-20,04:34,05:57,12:36,16:14,19:15,20:38
الأزرق,2026-08-21,04:34,05:57,12:36,16:14,19:14,20:37
الأزرق,2026-08-22,04:35,05:58,12:36,16:13,19:13,20:35
الأزرق,2026-08-23,04:36,05:59,12:35,16:13,19:12,20:34
الأزرق,2026-08-24,04:37,05:59,12:35,16:13,19:11,20:32
الأزرق,2026-08-25,04:38,06:00,12:35,16:12,19:09,20:31
الأزرق,2026-08-26,04:39,06:00,12:35,16:12,19:08,20:30
الأزرق,2026-08-27,04:40,06:01,12:34,16:11,19:07,20:28
الأزرق,2026-08-28,04:40,06:02,12:34,16:10,19:06,20:27
الأزرق,2026-08-29,04:41,06:02,12:34,16:10,19:05,20:25
الأزرق,2026-08-30,04:42,06:03,12:33,16:09,19:03,20:24
الأزرق,2026-08-31,04:43,06:04,12:33,16:09,19:02,20:23
الأزرق,2026-09-01,04:44,06:04,12:33,16:08,19:01,20:21
الأزرق,2026-09-02,04:45,06:05,12:32,16:08,19:00,20:20
الأزرق,2026-09-03,04:45,06:05,12:32,16:07,18:58,20:18
الأزرق,2026-09-04,04:46,06:06,12:32,16:06,18:57,20:17
الأزرق,2026-09-05,04:47,06:07,12:31,16:06,18:56,20:15
الأزرق,2026-09-06,04:48,06:07,12:31,16:05,18:55,20:14
الأزرق,2026-09-07,04:48,06:08,12:31,16:04,18:53,20:12
الأزرق,2026-09-08,04:49,06:08,12:30,16:04,18:52,20:11
الأزرق,2026-09-09,04:50,06:09,12:30,16:03,18:51,20:10
الأزرق,2026-09-10,04:51,06:10,12:30,16:02,18:49,20:08
الأزرق,2026-09-11,04:51,06:10,12:29,16:02,18:48,20:07
الأزرق,2026-09-12,04:52,06:11,12:29,16:01,18:47,20:05
الأزرق,2026-09-13,04:53,06:11,12:29,16:00,18:45,20:04
الأزرق,2026-09-14,04:54,06:12,12:28,15:59,18:44,20:02
الأزرق,2026-09-15,04:54,06:13,12:28,15:59,18:43,20:01
الأزرق,2026-09-16,04:55,06:13,12:28,15:58,18:41,19:59
الأزرق,2026-09-17,04:56,06:14,12:27,15:57,18:40,19:58
الأزرق,2026-09-18,04:57,06:15,12:27,15:56,18:39,19:57
الأزرق,2026-09-19,04:57,06:15,12:27,15:55,18:38,19:55
الأزرق,2026-09-20,04:58,06:16,12:26,15:55,18:36,19:54
الأزرق,2026-09-21,04:59,06:16,12:26,15:54,18:35,19:52
الأزرق,2026-09-22,04:59,06:17,12:26,15:53,18:34,19:51
الأزرق,2026-09-23,05:00,06:18,12:25,15:52,18:32,19:50
الأزرق,2026-09-24,05:01,06:18,12:25,15:51,18:31,19:48
الأزرق,2026-09-25,05:01,06:19,12:24,15:51,18:30,19:47
الأزرق,2026-09-26,05:02,06:19,12:24,15:50,18:28,19:46
الأزرق,2026-09-27,05:03,06:20,12:24,15:49,18:27,19:44
الأزرق,2026-09-28,05:03,06:21,12:23,15:48,18:26,19:43
الأزرق,2026-09-29,05:04,06:21,12:23,15:47,18:24,19:41
الأزرق,2026-09-30,05:05,06:22,12:23,15:46,18:23,19:40
الأزرق,2026-10-01,05:05,06:23,12:22,15:45,18:22,19:39
الأزرق,2026-10-02,05:06,06:23,12:22,15:45,18:21,19:38
الأزرق,2026-10-03,05:07,06:24,12:22,15:44,18:19,19:36
الأزرق,2026-10-04,05:07,06:25,12:21,15:43,18:18,19:35
الأزرق,2026-10-05,05:08,06:25,12:21,15:42,18:17,19:34
الأزرق,2026-10-06,05:09,06:26,12:21,15:41,18:15,19:32
الأزرق,2026-10-07,05:09,06:26,12:21,15:40,18:14,19:31
الأزرق,2026-10-08,05:10,06:27,12:20,15:39,18:13,19:30
الأزرق,2026-10-09,05:11,06:28,12:20,15:39,18:12,19:29
الأزرق,2026-10-10,05:11,06:28,12:20,15:38,18:11,19:28
الأزرق,2026-10-11,05:12,06:29,12:20,15:37,18:09,19:26
الأزرق,2026-10-12,05:13,06:30,12:19,15:36,18:08,19:25
الأزرق,2026-10-13,05:13,06:31,12:19,15:35,18:07,19:24
الأزرق,2026-10-14,05:14,06:31,12:19,15:34,18:06,19:23
الأزرق,2026-10-15,05:15,06:32,12:19,15:33,18:05,19:22
الأزرق,2026-10-16,05:15,06:33,12:18,15:33,18:04,19:21
الأزرق,2026-10-17,05:16,06:33,12:18,15:32,18:02,19:20
الأزرق,2026-10-18,05:17,06:34,12:18,15:31,18:01,19:19
الأزرق,2026-10-19,05:17,06:35,12:18,15:30,18:00,19:18
الأزرق,2026-10-20,05:18,06:36,12:18,15:29,17:59,19:17
الأزرق,2026-10-21,05:19,06:36,12:17,15:29,17:58,19:16
الأزرق,2026-10-22,05:19,06:37,12:17,15:28,17:57,19:15
الأزرق,2026-10-23,05:20,06:38,12:17,15:27,17:56,19:14
الأزرق,2026-10-24,05:21,06:39,12:17,15:26,17:55,19:13
الأزرق,2026-10-25,05:21,06:39,12:17,15:25,17:54,19:12
الأزرق,2026-10-26,05:22,06:40,12:17,15:25,17:53,19:11
الأزرق,2026-10-27,05:23,06:41,12:17,15:24,17:52,19:10
الأزرق,2026-10-28,05:24,06:42,12:17,15:23,17:51,19:09
الأزرق,2026-10-29,05:24,06:42,12:16,15:23,17:50,19:08
الأزرق,2026-10-30,05:25,06:43,12:16,15:22,17:49,19:07
الأزرق,2026-10-31,05:26,06:44,12:16,15:21,17:48,19:07
الأزرق,2026-11-01,05:26,06:45,12:16,15:21,17:47,19:06
الأزرق,2026-11-02,05:27,06:46,12:16,15:20,17:47,19:05
الأزرق,2026-11-03,05:28,06:47,12:16,15:19,17:46,19:04
الأزرق,2026-11-04,05:29,06:47,12:16,15:19,17:45,19:04
الأزرق,2026-11-05,05:29,06:48,12:16,15:18,17:44,19:03
الأزرق,2026-11-06,05:30,06:49,12:16,15:17,17:43,19:02
الأزرق,2026-11-07,05:31,06:50,12:16,15:17,17:43,19:02
الأزرق,2026-11-08,05:31,06:51,12:16,15:16,17:42,19:01
الأزرق,2026-11-09,05:32,06:52,12:17,15:16,17:41,19:01
الأزرق,2026-11-10,05:33,06:52,12:17,15:15,17:41,19:00
الأزرق,2026-11-11,05:34,06:53,12:17,15:15,17:40,18:59
الأزرق,2026-11-12,05:34,06:54,12:17,15:14,17:39,18:59
الأزرق,2026-11-13,05:35,06:55,12:17,15:14,17:39,18:59
الأزرق,2026-11-14,05:36,06:56,12:17,15:13,17:38,18:58
الأزرق,2026-11-15,05:37,06:57,12:17,15:13,17:38,18:58
الأزرق,2026-11-16,05:37,06:58,12:17,15:13,17:37,18:57
الأزرق,2026-11-17,05:38,06:59,12:18,15:12,17:37,18:57
الأزرق,2026-11-18,05:39,06:59,12:18,15:12,17:36,18:57
الأزرق,2026-11-19,05:40,07:00,12:18,15:12,17:36,18:56
الأزرق,2026-11-20,05:40,07:01,12:18,15:11,17:35,18:56
الأزرق,2026-11-21,05:41,07:02,12:19,15:11,17:35,18:56
الأزرق,2026-11-22,05:42,07:03,12:19,15:11,17:35,18:55
الأزرق,2026-11-23,05:43,07:04,12:19,15:11,17:34,18:55
الأزرق,2026-11-24,05:43,07:05,12:19,15:10,17:34,18:55
الأزرق,2026-11-25,05:44,07:05,12:20,15:10,17:34,18:55
الأزرق,2026-11-26,05:45,07:06,12:20,15:10,17:33,18:55
الأزرق,2026-11-27,05:46,07:07,12:20,15:10,17:33,18:55
الأزرق,2026-11-28,05:46,07:08,12:21,15:10,17:33,18:55
الأزرق,2026-11-29,05:47,07:09,12:21,15:10,17:33,18:55
الأزرق,2026-11-30,05:48,07:10,12:21,15:10,17:33,18:55
الأزرق,2026-12-01,05:49,07:10,12:22,15:10,17:33,18:55
الأزرق,2026-12-02,05:49,07:11,12:22,15:10,17:33,18:55
الأزرق,2026-12-03,05:50,07:12,12:22,15:10,17:33,18:55
الأزرق,2026-12-04,05:51,07:13,12:23,15:10,17:33,18:55
الأزرق,2026-12-05,05:51,07:14,12:23,15:10,17:33,18:55
الأزرق,2026-12-06,05:52,07:14,12:24,15:10,17:33,18:55
الأزرق,2026-12-07,05:53,07:15,12:24,15:10,17:33,18:55
الأزرق,2026-12-08,05:54,07:16,12:25,15:10,17:33,18:55
الأزرق,2026-12-09,05:54,07:17,12:25,15:11,17:33,18:56
الأزرق,2026-12-10,05:55,07:17,12:25,15:11,17:33,18:56
الأزرق,2026-12-11,05:56,07:18,12:26,15:11,17:34,18:56
الأزرق,2026-12-12,05:56,07:19,12:26,15:11,17:34,18:57
الأزرق,2026-12-13,05:57,07:20,12:27,15:12,17:34,18:57
الأزرق,2026-12-14,05:57,07:20,12:27,15:12,17:34,18:57
الأزرق,2026-12-15,05:58,07:21,12:28,15:12,17:35,18:58
الأزرق,2026-12-16,05:59,07:21,12:28,15:13,17:35,18:58
الأزرق,2026-12-17,05:59,07:22,12:29,15:13,17:35,18:58
الأزرق,2026-12-18,06:00,07:23,12:29,15:13,17:36,18:59
الأزرق,2026-12-19,06:00,07:23,12:30,15:14,17:36,18:59
الأزرق,2026-12-20,06:01,07:24,12:30,15:14,17:37,19:00
الأزرق,2026-12-21,06:01,07:24,12:31,15:15,17:37,19:00
الأزرق,2026-12-22,06:02,07:25,12:31,15:15,17:38,19:01
الأزرق,2026-12-23,06:02,07:25,12:32,15:16,17:38,19:01
الأزرق,2026-12-24,06:03,07:26,12:32,15:16,17:39,19:02
الأزرق,2026-12-25,06:03,07:26,12:33,15:17,17:39,19:02
الأزرق,2026-12-26,06:04,07:27,12:33,15:18,17:40,19:03
الأزرق,2026-12-27,06:04,07:27,12:34,15:18,17:41,19:03
الأزرق,2026-12-28,06:04,07:27,12:34,15:19,17:41,19:04
الأزرق,2026-12-29,06:05,07:28,12:35,15:19,17:42,19:05
الأزرق,2026-12-30,06:05,07:28,12:35,15:20,17:43,19:05
الأزرق,2026-12-31,06:06,07:28,12:36,15:21,17:43,19:06
الأغوار الشمالية,2026-03-12,05:30,06:51,12:47,16:10,18:44,20:05
الأغوار الشمالية,2026-03-13,05:29,06:50,12:47,16:11,18:45,20:06
الأغوار الشمالية,2026-03-14,05:28,06:49,12:47,16:11,18:45,20:06
الأغوار الشمالية,2026-03-15,05:26,06:47,12:46,16:11,18:46,20:07
الأغوار الشمالية,2026-03-16,05:25,06:46,12:46,16:12,18:47,20:08
الأغوار الشمالية,2026-03-17,05:24,06:45,12:46,16:12,18:48,20:09
الأغوار الشمالية,2026-03-18,05:22,06:44,12:46,16:12,18:48,20:10
الأغوار الشمالية,2026-03-19,05:21,06:42,12:45,16:12,18:49,20:10
الأغوار الشمالية,2026-03-20,05:20,06:41,12:45,16:13,18:50,20:11
الأغوار الشمالية,2026-03-21,05:18,06:40,12:45,16:13,18:50,20:12
الأغوار الشمالية,2026-03-22,05:17,06:38,12:44,16:13,18:51,20:13
الأغوار الشمالية,2026-03-23,05:15,06:37,12:44,16:13,18:52,20:14
الأغوار الشمالية,2026-03-24,05:14,06:36,12:44,16:13,18:53,20:14
الأغوار الشمالية,2026-03-25,05:13,06:34,12:44,16:13,18:53,20:15
الأغوار الشمالية,2026-03-26,05:11,06:33,12:43,16:14,18:54,20:16
الأغوار الشمالية,2026-03-27,05:10,06:32,12:43,16:14,18:55,20:17
الأغوار الشمالية,2026-03-28,05:08,06:30,12:43,16:14,18:55,20:18
الأغوار الشمالية,2026-03-29,05:07,06:29,12:42,16:14,18:56,20:18
الأغوار الشمالية,2026-03-30,05:06,06:28,12:42,16:14,18:57,20:19
الأغوار الشمالية,2026-03-31,05:04,06:27,12:42,16:14,18:57,20:20
الأغوار الشمالية,2026-04-01,05:03,06:25,12:41,16:14,18:58,20:21
الأغوار الشمالية,2026-04-02,05:01,06:24,12:41,16:14,18:59,20:22
الأغوار الشمالية,2026-04-03,05:00,06:23,12:41,16:15,19:00,20:23
الأغوار الشمالية,2026-04-04,04:58,06:21,12:41,16:15,19:00,20:24
الأغوار الشمالية,2026-04-05,04:57,06:20,12:40,16:15,19:01,20:24
الأغوار الشمالية,2026-04-06,04:55,06:19,12:40,16:15,19:02,20:25
الأغوار الشمالية,2026-04-07,04:54,06:18,12:40,16:15,19:02,20:26
الأغوار الشمالية,2026-04-08,04:53,06:16,12:39,16:15,19:03,20:27
الأغوار الشمالية,2026-04-09,04:51,06:15,12:39,16:15,19:04,20:28
الأغوار الشمالية,2026-04-10,04:50,06:14,12:39,16:15,19:05,20:29
الأغوار الشمالية,2026-04-11,04:48,06:13,12:39,16:15,19:05,20:30
الأغوار الشمالية,2026-04-12,04:47,06:11,12:38,16:15,19:06,20:31
الأغوار الشمالية,2026-04-13,04:45,06:10,12:38,16:15,19:07,20:32
الأغوار الشمالية,2026-04-14,04:44,06:09,12:38,16:15,19:07,20:33
الأغوار الشمالية,2026-04-15,04:42,06:08,12:38,16:15,19:08,20:34
الأغوار الشمالية,2026-04-16,04:41,06:06,12:37,16:15,19:09,20:34
الأغوار الشمالية,2026-04-17,04:40,06:05,12:37,16:15,19:10,20:35
الأغوار الشمالية,2026-04-18,04:38,06:04,12:37,16:15,19:10,20:36
الأغوار الشمالية,2026-04-19,04:37,06:03,12:37,16:15,19:11,20:37
الأغوار الشمالية,2026-04-20,04:35,06:02,12:36,16:15,19:12,20:38
الأغوار الشمالية,2026-04-21,04:34,06:01,12:36,16:15,19:12,20:39
الأغوار الشمالية,2026-04-22,04:33,06:00,12:36,16:15,19:13,20:40
الأغوار الشمالية,2026-04-23,04:31,05:58,12:36,16:15,19:14,20:41
الأغوار الشمالية,2026-04-24,04:30,05:57,12:36,16:15,19:15,20:42
الأغوار الشمالية,2026-04-25,04:29,05:56,12:36,16:15,19:15,20:43
الأغوار الشمالية,2026-04-26,04:27,05:55,12:35,16:15,19:16,20:44
الأغوار الشمالية,2026-04-27,04:26,05:54,12:35,16:15,19:17,20:45
الأغوار الشمالية,2026-04-28,04:25,05:53,12:35,16:15,19:17,20:46
الأغوار الشمالية,2026-04-29,04:23,05:52,12:35,16:15,19:18,20:47
الأغوار الشمالية,2026-04-30,04:22,05:51,12:35,16:15,19:19,20:48
الأغوار الشمالية,2026-05-01,04:21,05:50,12:35,16:15,19:20,20:49
الأغوار الشمالية,2026-05-02,04:20,05:49,12:35,16:15,19:20,20:50
الأغوار الشمالية,2026-05-03,04:18,05:48,12:34,16:15,19:21,20:51
الأغوار الشمالية,2026-05-04,04:17,05:47,12:34,16:16,19:22,20:52
الأغوار الشمالية,2026-05-05,04:16,05:46,12:34,16:16,19:23,20:53
الأغوار الشمالية,2026-05-06,04:15,05:46,12:34,16:16,19:23,20:55
الأغوار الشمالية,2026-05-07,04:13,05:45,12:34,16:16,19:24,20:56
الأغوار الشمالية,2026-05-08,04:12,05:44,12:34,16:16,19:25,20:57
الأغوار الشمالية,2026-05-09,04:11,05:43,12:34,16:16,19:26,20:58
الأغوار الشمالية,2026-05-10,04:10,05:42,12:34,16:16,19:26,20:59
الأغوار الشمالية,2026-05-11,04:09,05:41,12:34,16:16,19:27,21:00
الأغوار الشمالية,2026-05-12,04:08,05:41,12:34,16:16,19:28,21:01
الأغوار الشمالية,2026-05-13,04:07,05:40,12:34,16:16,19:28,21:02
الأغوار الشمالية,2026-05-14,04:06,05:39,12:34,16:16,19:29,21:03
الأغوار الشمالية,2026-05-15,04:05,05:38,12:34,16:16,19:30,21:04
الأغوار الشمالية,2026-05-16,04:04,05:38,12:34,16:16,19:31,21:05
الأغوار الشمالية,2026-05-17,04:03,05:37,12:34,16:16,19:31,21:06
الأغوار الشمالية,2026-05-18,04:02,05:36,12:34,16:16,19:32,21:07
الأغوار الشمالية,2026-05-19,04:01,05:36,12:34,16:16,19:33,21:08
الأغوار الشمالية,2026-05-20,04:00,05:35,12:34,16:16,19:33,21:09
الأغوار الشمالية,2026-05-21,03:59,05:35,12:34,16:16,19:34,21:10
الأغوار الشمالية,2026-05-22,03:58,05:34,12:34,16:16,19:35,21:11
الأغوار الشمالية,2026-05-23,03:58,05:34,12:34,16:17,19:35,21:12
الأغوار الشمالية,2026-05-24,03:57,05:33,12:34,16:17,19:36,21:13
الأغوار الشمالية,2026-05-25,03:56,05:33,12:35,16:17,19:37,21:14
الأغوار الشمالية,2026-05-26,03:55,05:32,12:35,16:17,19:37,21:14
الأغوار الشمالية,2026-05-27,03:55,05:32,12:35,16:17,19:38,21:15
الأغوار الشمالية,2026-05-28,03:54,05:31,12:35,16:17,19:39,21:16
الأغوار الشمالية,2026-05-29,03:53,05:31,12:35,16:17,19:39,21:17
الأغوار الشمالية,2026-05-30,03:53,05:31,12:35,16:17,19:40,21:18
الأغوار الشمالية,2026-05-31,03:52,05:30,12:35,16:17,19:40,21:19
الأغوار الشمالية,2026-06-01,03:52,05:30,12:35,16:18,19:41,21:20
الأغوار الشمالية,2026-06-02,03:51,05:30,12:36,16:18,19:42,21:20
الأغوار الشمالية,2026-06-03,03:51,05:30,12:36,16:18,19:42,21:21
الأغوار الشمالية,2026-06-04,03:50,05:29,12:36,16:18,19:43,21:22
الأغوار الشمالية,2026-06-05,03:50,05:29,12:36,16:18,19:43,21:22
الأغوار الشمالية,2026-06-06,03:50,05:29,12:36,16:18,19:44,21:23
الأغوار الشمالية,2026-06-07,03:49,05:29,12:36,16:19,19:44,21:24
الأغوار الشمالية,2026-06-08,03:49,05:29,12:37,16:19,19:45,21:24
الأغوار الشمالية,2026-06-09,03:49,05:29,12:37,16:19,19:45,21:25
الأغوار الشمالية,2026-06-10,03:49,05:29,12:37,16:19,19:46,21:26
الأغوار الشمالية,2026-06-11,03:48,05:29,12:37,16:19,19:46,21:26
الأغوار الشمالية,2026-06-12,03:48,05:29,12:37,16:19,19:46,21:27
الأغوار الشمالية,2026-06-13,03:48,05:29,12:38,16:20,19:47,21:27
الأغوار الشمالية,2026-06-14,03:48,05:29,12:38,16:20,19:47,21:28
الأغوار الشمالية,2026-06-15,03:48,05:29,12:38,16:20,19:48,21:28
الأغوار الشمالية,2026-06-16,03:48,05:29,12:38,16:20,19:48,21:29
الأغوار الشمالية,2026-06-17,03:48,05:29,12:39,16:21,19:48,21:29
الأغوار الشمالية,2026-06-18,03:48,05:29,12:39,16:21,19:48,21:29
الأغوار الشمالية,2026-06-19,03:48,05:29,12:39,16:21,19:49,21:29
الأغوار الشمالية,2026-06-20,03:49,05:29,12:39,16:21,19:49,21:30
الأغوار الشمالية,2026-06-21,03:49,05:30,12:39,16:21,19:49,21:30
الأغوار الشمالية,2026-06-22,03:49,05:30,12:40,16:22,19:49,21:30
الأغوار الشمالية,2026-06-23,03:49,05:30,12:40,16:22,19:50,21:30
الأغوار الشمالية,2026-06-24,03:50,05:30,12:40,16:22,19:50,21:30
الأغوار الشمالية,2026-06-25,03:50,05:31,12:40,16:22,19:50,21:30
الأغوار الشمالية,2026-06-26,03:50,05:31,12:40,16:22,19:50,21:31
الأغوار الشمالية,2026-06-27,03:51,05:31,12:41,16:23,19:50,21:31
الأغوار الشمالية,2026-06-28,03:51,05:32,12:41,16:23,19:50,21:30
الأغوار الشمالية,2026-06-29,03:52,05:32,12:41,16:23,19:50,21:30
الأغوار الشمالية,2026-06-30,03:52,05:32,12:41,16:23,19:50,21:30
الأغوار الشمالية,2026-07-01,03:53,05:33,12:41,16:23,19:50,21:30
الأغوار الشمالية,2026-07-02,03:53,05:33,12:42,16:24,19:50,21:30
الأغوار الشمالية,2026-07-03,03:54,05:34,12:42,16:24,19:50,21:30
الأغوار الشمالية,2026-07-04,03:54,05:34,12:42,16:24,19:50,21:30
الأغوار الشمالية,2026-07-05,03:55,05:34,12:42,16:24,19:50,21:29
الأغوار الشمالية,2026-07-06,03:55,05:35,12:42,16:24,19:50,21:29
الأغوار الشمالية,2026-07-07,03:56,05:35,12:43,16:25,19:49,21:29
الأغوار الشمالية,2026-07-08,03:57,05:36,12:43,16:25,19:49,21:28
الأغوار الشمالية,2026-07-09,03:58,05:36,12:43,16:25,19:49,21:28
الأغوار الشمالية,2026-07-10,03:58,05:37,12:43,16:25,19:49,21:27
الأغوار الشمالية,2026-07-11,03:59,05:38,12:43,16:25,19:48,21:27
الأغوار الشمالية,2026-07-12,04:00,05:38,12:43,16:25,19:48,21:26
الأغوار الشمالية,2026-07-13,04:01,05:39,12:43,16:25,19:48,21:26
الأغوار الشمالية,2026-07-14,04:01,05:39,12:43,16:26,19:47,21:25
الأغوار الشمالية,2026-07-15,04:02,05:40,12:44,16:26,19:47,21:24
الأغوار الشمالية,2026-07-16,04:03,05:40,12:44,16:26,19:47,21:24
الأغوار الشمالية,2026-07-17,04:04,05:41,12:44,16:26,19:46,21:23
الأغوار الشمالية,2026-07-18,04:05,05:42,12:44,16:26,19:46,21:22
الأغوار الشمالية,2026-07-19,04:06,05:42,12:44,16:26,19:45,21:21
الأغوار الشمالية,2026-07-20,04:07,05:43,12:44,16:26,19:45,21:21
الأغوار الشمالية,2026-07-21,04:08,05:44,12:44,16:26,19:44,21:20
الأغوار الشمالية,2026-07-22,04:09,05:44,12:44,16:26,19:44,21:19
الأغوار الشمالية,2026-07-23,04:09,05:45,12:44,16:26,19:43,21:18
الأغوار الشمالية,2026-07-24,04:10,05:46,12:44,16:26,19:42,21:17
الأغوار الشمالية,2026-07-25,04:11,05:46,12:44,16:26,19:42,21:16
الأغوار الشمالية,2026-07-26,04:12,05:47,12:44,16:26,19:41,21:15
الأغوار الشمالية,2026-07-27,04:13,05:47,12:44,16:26,19:40,21:14
الأغوار الشمالية,2026-07-28,04:14,05:48,12:44,16:26,19:40,21:13
الأغوار الشمالية,2026-07-29,04:15,05:49,12:44,16:26,19:39,21:12
الأغوار الشمالية,2026-07-30,04:16,05:50,12:44,16:26,19:38,21:11
الأغوار الشمالية,2026-07-31,04:17,05:50,12:44,16:26,19:37,21:10
الأغوار الشمالية,2026-08-01,04:18,05:51,12:44,16:26,19:37,21:09
الأغوار الشمالية,2026-08-02,04:19,05:52,12:44,16:25,19:36,21:08
الأغوار الشمالية,2026-08-03,04:20,05:52,12:44,16:25,19:35,21:07
الأغوار الشمالية,2026-08-04,04:21,05:53,12:44,16:25,19:34,21:06
الأغوار الشمالية,2026-08-05,04:22,05:54,12:44,16:25,19:33,21:04
الأغوار الشمالية,2026-08-06,04:23,05:54,12:44,16:25,19:32,21:03
الأغوار الشمالية,2026-08-07,04:24,05:55,12:43,16:24,19:31,21:02
الأغوار الشمالية,2026-08-08,04:25,05:56,12:43,16:24,19:30,21:01
الأغوار الشمالية,2026-08-09,04:26,05:56,12:43,16:24,19:29,21:00
الأغوار الشمالية,2026-08-10,04:27,05:57,12:43,16:24,19:29,20:58
الأغوار الشمالية,2026-08-11,04:28,05:58,12:43,16:23,19:28,20:57
الأغوار الشمالية,2026-08-12,04:29,05:58,12:43,16:23,19:27,20:56
الأغوار الشمالية,2026-08-13,04:30,05:59,12:42,16:23,19:25,20:54
الأغوار الشمالية,2026-08-14,04:31,06:00,12:42,16:22,19:24,20:53
الأغوار الشمالية,2026-08-15,04:32,06:00,12:42,16:22,19:23,20:52
الأغوار الشمالية,2026-08-16,04:33,06:01,12:42,16:22,19:22,20:50
الأغوار الشمالية,2026-08-17,04:34,06:02,12:42,16:21,19:21,20:49
الأغوار الشمالية,2026-08-18,04:35,06:02,12:41,16:21,19:20,20:48
الأغوار الشمالية,2026-08-19,04:36,06:03,12:41,16:21,19:19,20:46
الأغوار الشمالية,2026-08-20,04:36,06:04,12:41,16:20,19:18,20:45
الأغوار الشمالية,2026-08-21,04:37,06:04,12:41,16:20,19:17,20:43
الأغوار الشمالية,2026-08-22,04:38,06:05,12:41,16:19,19:15,20:42
الأغوار الشمالية,2026-08-23,04:39,06:06,12:40,16:19,19:14,20:41
الأغوار الشمالية,2026-08-24,04:40,06:06,12:40,16:18,19:13,20:39
الأغوار الشمالية,2026-08-25,04:41,06:07,12:40,16:18,19:12,20:38
الأغوار الشمالية,2026-08-26,04:42,06:08,12:39,16:17,19:11,20:36
الأغوار الشمالية,2026-08-27,04:43,06:08,12:39,16:17,19:09,20:35
الأغوار الشمالية,2026-08-28,04:44,06:09,12:39,16:16,19:08,20:33
الأغوار الشمالية,2026-08-29,04:45,06:10,12:39,16:15,19:07,20:32
الأغوار الشمالية,2026-08-30,04:45,06:10,12:38,16:15,19:06,20:30
الأغوار الشمالية,2026-08-31,04:46,06:11,12:38,16:14,19:04,20:29
الأغوار الشمالية,2026-09-01,04:47,06:12,12:38,16:14,19:03,20:27
الأغوار الشمالية,2026-09-02,04:48,06:12,12:37,16:13,19:02,20:26
الأغوار الشمالية,2026-09-03,04:49,06:13,12:37,16:12,19:01,20:24
الأغوار الشمالية,2026-09-04,04:50,06:13,12:37,16:12,18:59,20:23
الأغوار الشمالية,2026-09-05,04:50,06:14,12:36,16:11,18:58,20:22
الأغوار الشمالية,2026-09-06,04:51,06:15,12:36,16:10,18:57,20:20
الأغوار الشمالية,2026-09-07,04:52,06:15,12:36,16:10,18:55,20:19
الأغوار الشمالية,2026-09-08,04:53,06:16,12:35,16:09,18:54,20:17
الأغوار الشمالية,2026-09-09,04:54,06:17,12:35,16:08,18:53,20:16
الأغوار الشمالية,2026-09-10,04:54,06:17,12:35,16:07,18:51,20:14
الأغوار الشمالية,2026-09-11,04:55,06:18,12:34,16:07,18:50,20:13
الأغوار الشمالية,2026-09-12,04:56,06:19,12:34,16:06,18:49,20:11
الأغوار الشمالية,2026-09-13,04:57,06:19,12:34,16:05,18:47,20:10
الأغوار الشمالية,2026-09-14,04:57,06:20,12:33,16:04,18:46,20:08
الأغوار الشمالية,2026-09-15,04:58,06:20,12:33,16:04,18:45,20:07
الأغوار الشمالية,2026-09-16,04:59,06:21,12:32,16:03,18:43,20:05
الأغوار الشمالية,2026-09-17,05:00,06:22,12:32,16:02,18:42,20:04
الأغوار الشمالية,2026-09-18,05:00,06:22,12:32,16:01,18:41,20:02
الأغوار الشمالية,2026-09-19,05:01,06:23,12:31,16:00,18:39,20:01
الأغوار الشمالية,2026-09-20,05:02,06:24,12:31,16:00,18:38,20:00
الأغوار الشمالية,2026-09-21,05:03,06:24,12:31,15:59,18:37,19:58
الأغوار الشمالية,2026-09-22,05:03,06:25,12:30,15:58,18:35,19:57
الأغوار الشمالية,2026-09-23,05:04,06:26,12:30,15:57,18:34,19:55
الأغوار الشمالية,2026-09-24,05:05,06:26,12:30,15:56,18:33,19:54
الأغوار الشمالية,2026-09-25,05:06,06:27,12:29,15:55,18:31,19:52
الأغوار الشمالية,2026-09-26,05:06,06:27,12:29,15:54,18:30,19:51
الأغوار الشمالية,2026-09-27,05:07,06:28,12:29,15:54,18:29,19:50
الأغوار الشمالية,2026-09-28,05:08,06:29,12:28,15:53,18:27,19:48
الأغوار الشمالية,2026-09-29,05:08,06:29,12:28,15:52,18:26,19:47
الأغوار الشمالية,2026-09-30,05:09,06:30,12:28,15:51,18:25,19:46
الأغوار الشمالية,2026-10-01,05:10,06:31,12:27,15:50,18:23,19:44
الأغوار الشمالية,2026-10-02,05:10,06:31,12:27,15:49,18:22,19:43
الأغوار الشمالية,2026-10-03,05:11,06:32,12:27,15:48,18:21,19:42
الأغوار الشمالية,2026-10-04,05:12,06:33,12:26,15:47,18:19,19:40
الأغوار الشمالية,2026-10-05,05:13,06:33,12:26,15:46,18:18,19:39
الأغوار الشمالية,2026-10-06,05:13,06:34,12:26,15:46,18:17,19:38
الأغوار الشمالية,2026-10-07,05:14,06:35,12:25,15:45,18:16,19:36
الأغوار الشمالية,2026-10-08,05:15,06:36,12:25,15:44,18:14,19:35
الأغوار الشمالية,2026-10-09,05:15,06:36,12:25,15:43,18:13,19:34
الأغوار الشمالية,2026-10-10,05:16,06:37,12:25,15:42,18:12,19:33
الأغوار الشمالية,2026-10-11,05:17,06:38,12:24,15:41,18:11,19:31
الأغوار الشمالية,2026-10-12,05:17,06:38,12:24,15:40,18:09,19:30
الأغوار الشمالية,2026-10-13,05:18,06:39,12:24,15:39,18:08,19:29
الأغوار الشمالية,2026-10-14,05:19,06:40,12:24,15:39,18:07,19:28
الأغوار الشمالية,2026-10-15,05:19,06:41,12:23,15:38,18:06,19:27
الأغوار الشمالية,2026-10-16,05:20,06:41,12:23,15:37,18:05,19:26
الأغوار الشمالية,2026-10-17,05:21,06:42,12:23,15:36,18:03,19:25
الأغوار الشمالية,2026-10-18,05:22,06:43,12:23,15:35,18:02,19:23
الأغوار الشمالية,2026-10-19,05:22,06:44,12:23,15:34,18:01,19:22
الأغوار الشمالية,2026-10-20,05:23,06:44,12:22,15:33,18:00,19:21
الأغوار الشمالية,2026-10-21,05:24,06:45,12:22,15:33,17:59,19:20
الأغوار الشمالية,2026-10-22,05:24,06:46,12:22,15:32,17:58,19:19
الأغوار الشمالية,2026-10-23,05:25,06:47,12:22,15:31,17:57,19:18
الأغوار الشمالية,2026-10-24,05:26,06:48,12:22,15:30,17:56,19:17
الأغوار الشمالية,2026-10-25,05:27,06:48,12:22,15:29,17:55,19:16
الأغوار الشمالية,2026-10-26,05:27,06:49,12:22,15:29,17:54,19:15
الأغوار الشمالية,2026-10-27,05:28,06:50,12:21,15:28,17:53,19:14
الأغوار الشمالية,2026-10-28,05:29,06:51,12:21,15:27,17:52,19:14
الأغوار الشمالية,2026-10-29,05:29,06:52,12:21,15:26,17:51,19:13
الأغوار الشمالية,2026-10-30,05:30,06:52,12:21,15:26,17:50,19:12
الأغوار الشمالية,2026-10-31,05:31,06:53,12:21,15:25,17:49,19:11
الأغوار الشمالية,2026-11-01,05:32,06:54,12:21,15:24,17:48,19:10
الأغوار الشمالية,2026-11-02,05:32,06:55,12:21,15:24,17:47,19:10
الأغوار الشمالية,2026-11-03,05:33,06:56,12:21,15:23,17:46,19:09
الأغوار الشمالية,2026-11-04,05:34,06:57,12:21,15:22,17:45,19:08
الأغوار الشمالية,2026-11-05,05:35,06:58,12:21,15:22,17:44,19:07
الأغوار الشمالية,2026-11-06,05:35,06:58,12:21,15:21,17:44,19:07
الأغوار الشمالية,2026-11-07,05:36,06:59,12:21,15:20,17:43,19:06
الأغوار الشمالية,2026-11-08,05:37,07:00,12:21,15:20,17:42,19:05
الأغوار الشمالية,2026-11-09,05:38,07:01,12:21,15:19,17:41,19:05
الأغوار الشمالية,2026-11-10,05:38,07:02,12:21,15:19,17:41,19:04
الأغوار الشمالية,2026-11-11,05:39,07:03,12:22,15:18,17:40,19:04
الأغوار الشمالية,2026-11-12,05:40,07:04,12:22,15:18,17:39,19:03
الأغوار الشمالية,2026-11-13,05:41,07:05,12:22,15:17,17:39,19:03
الأغوار الشمالية,2026-11-14,05:41,07:06,12:22,15:17,17:38,19:02
الأغوار الشمالية,2026-11-15,05:42,07:06,12:22,15:16,17:38,19:02
الأغوار الشمالية,2026-11-16,05:43,07:07,12:22,15:16,17:37,19:01
الأغوار الشمالية,2026-11-17,05:44,07:08,12:23,15:16,17:37,19:01
الأغوار الشمالية,2026-11-18,05:45,07:09,12:23,15:15,17:36,19:01
الأغوار الشمالية,2026-11-19,05:45,07:10,12:23,15:15,17:36,19:00
الأغوار الشمالية,2026-11-20,05:46,07:11,12:23,15:15,17:35,19:00
الأغوار الشمالية,2026-11-21,05:47,07:12,12:23,15:14,17:35,19:00
الأغوار الشمالية,2026-11-22,05:48,07:13,12:24,15:14,17:34,18:59
الأغوار الشمالية,2026-11-23,05:48,07:14,12:24,15:14,17:34,18:59
الأغوار الشمالية,2026-11-24,05:49,07:14,12:24,15:14,17:34,18:59
الأغوار الشمالية,2026-11-25,05:50,07:15,12:25,15:13,17:33,18:59
الأغوار الشمالية,2026-11-26,05:51,07:16,12:25,15:13,17:33,18:59
الأغوار الشمالية,2026-11-27,05:51,07:17,12:25,15:13,17:33,18:59
الأغوار الشمالية,2026-11-28,05:52,07:18,12:25,15:13,17:33,18:59
الأغوار الشمالية,2026-11-29,05:53,07:19,12:26,15:13,17:33,18:59
الأغوار الشمالية,2026-11-30,05:54,07:20,12:26,15:13,17:32,18:59
الأغوار الشمالية,2026-12-01,05:54,07:21,12:27,15:13,17:32,18:59
الأغوار الشمالية,2026-12-02,05:55,07:21,12:27,15:13,17:32,18:59
الأغوار الشمالية,2026-12-03,05:56,07:22,12:27,15:13,17:32,18:59
الأغوار الشمالية,2026-12-04,05:57,07:23,12:28,15:13,17:32,18:59
الأغوار الشمالية,2026-12-05,05:57,07:24,12:28,15:13,17:32,18:59
الأغوار الشمالية,2026-12-06,05:58,07:25,12:29,15:13,17:32,18:59
الأغوار الشمالية,2026-12-07,05:59,07:25,12:29,15:13,17:32,18:59
الأغوار الشمالية,2026-12-08,05:59,07:26,12:29,15:13,17:33,18:59
الأغوار الشمالية,2026-12-09,06:00,07:27,12:30,15:14,17:33,18:59
الأغوار الشمالية,2026-12-10,06:01,07:28,12:30,15:14,17:33,19:00
الأغوار الشمالية,2026-12-11,06:01,07:28,12:31,15:14,17:33,19:00
الأغوار الشمالية,2026-12-12,06:02,07:29,12:31,15:14,17:33,19:00
الأغوار الشمالية,2026-12-13,06:03,07:30,12:32,15:15,17:34,19:01
الأغوار الشمالية,2026-12-14,06:03,07:30,12:32,15:15,17:34,19:01
الأغوار الشمالية,2026-12-15,06:04,07:31,12:33,15:15,17:34,19:01
الأغوار الشمالية,2026-12-16,06:05,07:32,12:33,15:16,17:34,19:02
الأغوار الشمالية,2026-12-17,06:05,07:32,12:34,15:16,17:35,19:02
الأغوار الشمالية,2026-12-18,06:06,07:33,12:34,15:17,17:35,19:02
الأغوار الشمالية,2026-12-19,06:06,07:34,12:35,15:17,17:36,19:03
الأغوار الشمالية,2026-12-20,06:07,07:34,12:35,15:17,17:36,19:03
الأغوار الشمالية,2026-12-21,06:07,07:35,12:36,15:18,17:37,19:04
الأغوار الشمالية,2026-12-22,06:08,07:35,12:36,15:18,17:37,19:04
الأغوار الشمالية,2026-12-23,06:08,07:36,12:37,15:19,17:38,19:05
الأغوار الشمالية,2026-12-24,06:09,07:36,12:37,15:19,17:38,19:05
الأغوار الشمالية,2026-12-25,06:09,07:36,12:38,15:20,17:39,19:06
الأغوار الشمالية,2026-12-26,06:10,07:37,12:38,15:21,17:39,19:07
الأغوار الشمالية,2026-12-27,06:10,07:37,12:39,15:21,17:40,19:07
الأغوار الشمالية,2026-12-28,06:10,07:38,12:39,15:22,17:41,19:08
الأغوار الشمالية,2026-12-29,06:11,07:38,12:40,15:22,17:41,19:08
الأغوار الشمالية,2026-12-30,06:11,07:38,12:40,15:23,17:42,19:09
الأغوار الشمالية,2026-12-31,06:11,07:38,12:41,15:24,17:43,19:10
الأغوار الوسطى,2026-03-12,05:31,06:51,12:47,16:11,18:44,20:04
الأغوار الوسطى,2026-03-13,05:29,06:50,12:47,16:11,18:45,20:05
الأغوار الوسطى,2026-03-14,05:28,06:48,12:47,16:11,18:45,20:06
الأغوار الوسطى,2026-03-15,05:27,06:47,12:46,16:11,18:46,20:07
الأغوار الوسطى,2026-03-16,05:26,06:46,12:46,16:12,18:47,20:07
الأغوار الوسطى,2026-03-17,05:24,06:45,12:46,16:12,18:48,20:08
الأغوار الوسطى,2026-03-18,05:23,06:43,12:46,16:12,18:48,20:09
الأغوار الوسطى,2026-03-19,05:22,06:42,12:45,16:12,18:49,20:10
الأغوار الوسطى,2026-03-20,05:20,06:41,12:45,16:12,18:50,20:10
الأغوار الوسطى,2026-03-21,05:19,06:40,12:45,16:13,18:50,20:11
الأغوار الوسطى,2026-03-22,05:18,06:38,12:44,16:13,18:51,20:12
الأغوار الوسطى,2026-03-23,05:16,06:37,12:44,16:13,18:52,20:13
الأغوار الوسطى,2026-03-24,05:15,06:36,12:44,16:13,18:52,20:13
الأغوار الوسطى,2026-03-25,05:13,06:34,12:44,16:13,18:53,20:14
الأغوار الوسطى,2026-03-26,05:12,06:33,12:43,16:13,18:54,20:15
الأغوار الوسطى,2026-03-27,05:11,06:32,12:43,16:14,18:54,20:16
الأغوار الوسطى,2026-03-28,05:09,06:31,12:43,16:14,18:55,20:17
الأغوار الوسطى,2026-03-29,05:08,06:29,12:42,16:14,18:56,20:17
الأغوار الوسطى,2026-03-30,05:06,06:28,12:42,16:14,18:56,20:18
الأغوار الوسطى,2026-03-31,05:05,06:27,12:42,16:14,18:57,20:19
الأغوار الوسطى,2026-04-01,05:04,06:26,12:41,16:14,18:58,20:20
الأغوار الوسطى,2026-04-02,05:02,06:24,12:41,16:14,18:58,20:21
الأغوار الوسطى,2026-04-03,05:01,06:23,12:41,16:14,18:59,20:21
الأغوار الوسطى,2026-04-04,04:59,06:22,12:41,16:14,19:00,20:22
الأغوار الوسطى,2026-04-05,04:58,06:21,12:40,16:14,19:00,20:23
الأغوار الوسطى,2026-04-06,04:57,06:19,12:40,16:14,19:01,20:24
الأغوار الوسطى,2026-04-07,04:55,06:18,12:40,16:14,19:02,20:25
الأغوار الوسطى,2026-04-08,04:54,06:17,12:39,16:14,19:02,20:26
الأغوار الوسطى,2026-04-09,04:52,06:16,12:39,16:14,19:03,20:27
الأغوار الوسطى,2026-04-10,04:51,06:14,12:39,16:14,19:04,20:27
الأغوار الوسطى,2026-04-11,04:50,06:13,12:39,16:14,19:05,20:28
الأغوار الوسطى,2026-04-12,04:48,06:12,12:38,16:14,19:05,20:29
الأغوار الوسطى,2026-04-13,04:47,06:11,12:38,16:14,19:06,20:30
الأغوار الوسطى,2026-04-14,04:45,06:10,12:38,16:14,19:07,20:31
الأغوار الوسطى,2026-04-15,04:44,06:08,12:38,16:15,19:07,20:32
الأغوار الوسطى,2026-04-16,04:43,06:07,12:37,16:15,19:08,20:33
الأغوار الوسطى,2026-04-17,04:41,06:06,12:37,16:15,19:09,20:34
الأغوار الوسطى,2026-04-18,04:40,06:05,12:37,16:15,19:09,20:35
الأغوار الوسطى,2026-04-19,04:39,06:04,12:37,16:14,19:10,20:36
الأغوار الوسطى,2026-04-20,04:37,06:03,12:36,16:14,19:11,20:37
الأغوار الوسطى,2026-04-21,04:36,06:02,12:36,16:14,19:11,20:37
الأغوار الوسطى,2026-04-22,04:34,06:00,12:36,16:14,19:12,20:38
الأغوار الوسطى,2026-04-23,04:33,05:59,12:36,16:14,19:13,20:39
الأغوار الوسطى,2026-04-24,04:32,05:58,12:36,16:14,19:14,20:40
الأغوار الوسطى,2026-04-25,04:30,05:57,12:36,16:14,19:14,20:41
الأغوار الوسطى,2026-04-26,04:29,05:56,12:35,16:14,19:15,20:42
الأغوار الوسطى,2026-04-27,04:28,05:55,12:35,16:14,19:16,20:43
الأغوار الوسطى,2026-04-28,04:27,05:54,12:35,16:14,19:16,20:44
الأغوار الوسطى,2026-04-29,04:25,05:53,12:35,16:14,19:17,20:45
الأغوار الوسطى,2026-04-30,04:24,05:52,12:35,16:14,19:18,20:46
الأغوار الوسطى,2026-05-01,04:23,05:51,12:35,16:14,19:18,20:47
الأغوار الوسطى,2026-05-02,04:22,05:50,12:35,16:14,19:19,20:48
الأغوار الوسطى,2026-05-03,04:20,05:49,12:34,16:14,19:20,20:49
الأغوار الوسطى,2026-05-04,04:19,05:48,12:34,16:14,19:21,20:50
الأغوار الوسطى,2026-05-05,04:18,05:48,12:34,16:14,19:21,20:51
الأغوار الوسطى,2026-05-06,04:17,05:47,12:34,16:14,19:22,20:52
الأغوار الوسطى,2026-05-07,04:16,05:46,12:34,16:14,19:23,20:53
الأغوار الوسطى,2026-05-08,04:15,05:45,12:34,16:14,19:23,20:54
الأغوار الوسطى,2026-05-09,04:14,05:44,12:34,16:14,19:24,20:55
الأغوار الوسطى,2026-05-10,04:12,05:43,12:34,16:14,19:25,20:56
الأغوار الوسطى,2026-05-11,04:11,05:43,12:34,16:14,19:26,20:57
الأغوار الوسطى,2026-05-12,04:10,05:42,12:34,16:14,19:26,20:58
الأغوار الوسطى,2026-05-13,04:09,05:41,12:34,16:14,19:27,20:59
الأغوار الوسطى,2026-05-14,04:08,05:40,12:34,16:14,19:28,21:00
الأغوار الوسطى,2026-05-15,04:07,05:40,12:34,16:14,19:28,21:01
الأغوار الوسطى,2026-05-16,04:06,05:39,12:34,16:15,19:29,21:02
الأغوار الوسطى,2026-05-17,04:05,05:39,12:34,16:15,19:30,21:03
الأغوار الوسطى,2026-05-18,04:05,05:38,12:34,16:15,19:30,21:04
الأغوار الوسطى,2026-05-19,04:04,05:37,12:34,16:15,19:31,21:05
الأغوار الوسطى,2026-05-20,04:03,05:37,12:34,16:15,19:32,21:06
الأغوار الوسطى,2026-05-21,04:02,05:36,12:34,16:15,19:32,21:07
الأغوار الوسطى,2026-05-22,04:01,05:36,12:34,16:15,19:33,21:08
الأغوار الوسطى,2026-05-23,04:00,05:35,12:34,16:15,19:34,21:09
الأغوار الوسطى,2026-05-24,04:00,05:35,12:34,16:15,19:34,21:10
الأغوار الوسطى,2026-05-25,03:59,05:34,12:34,16:15,19:35,21:11
الأغوار الوسطى,2026-05-26,03:58,05:34,12:35,16:15,19:36,21:11
الأغوار الوسطى,2026-05-27,03:58,05:33,12:35,16:15,19:36,21:12
الأغوار الوسطى,2026-05-28,03:57,05:33,12:35,16:15,19:37,21:13
الأغوار الوسطى,2026-05-29,03:56,05:33,12:35,16:16,19:37,21:14
الأغوار الوسطى,2026-05-30,03:56,05:32,12:35,16:16,19:38,21:15
الأغوار الوسطى,2026-05-31,03:55,05:32,12:35,16:16,19:39,21:16
الأغوار الوسطى,2026-06-01,03:55,05:32,12:35,16:16,19:39,21:16
الأغوار الوسطى,2026-06-02,03:54,05:32,12:36,16:16,19:40,21:17
الأغوار الوسطى,2026-06-03,03:54,05:31,12:36,16:16,19:40,21:18
الأغوار الوسطى,2026-06-04,03:54,05:31,12:36,16:16,19:41,21:19
الأغوار الوسطى,2026-06-05,03:53,05:31,12:36,16:16,19:41,21:19
الأغوار الوسطى,2026-06-06,03:53,05:31,12:36,16:17,19:42,21:20
الأغوار الوسطى,2026-06-07,03:53,05:31,12:36,16:17,19:42,21:21
الأغوار الوسطى,2026-06-08,03:52,05:31,12:37,16:17,19:43,21:21
الأغوار الوسطى,2026-06-09,03:52,05:30,12:37,16:17,19:43,21:22
الأغوار الوسطى,2026-06-10,03:52,05:30,12:37,16:17,19:44,21:22
الأغوار الوسطى,2026-06-11,03:52,05:30,12:37,16:18,19:44,21:23
الأغوار الوسطى,2026-06-12,03:52,05:30,12:37,16:18,19:45,21:23
الأغوار الوسطى,2026-06-13,03:52,05:30,12:38,16:18,19:45,21:24
الأغوار الوسطى,2026-06-14,03:51,05:30,12:38,16:18,19:45,21:24
الأغوار الوسطى,2026-06-15,03:51,05:31,12:38,16:18,19:46,21:25
الأغوار الوسطى,2026-06-16,03:51,05:31,12:38,16:19,19:46,21:25
الأغوار الوسطى,2026-06-17,03:52,05:31,12:38,16:19,19:46,21:25
الأغوار الوسطى,2026-06-18,03:52,05:31,12:39,16:19,19:47,21:26
الأغوار الوسطى,2026-06-19,03:52,05:31,12:39,16:19,19:47,21:26
الأغوار الوسطى,2026-06-20,03:52,05:31,12:39,16:19,19:47,21:26
الأغوار الوسطى,2026-06-21,03:52,05:31,12:39,16:20,19:47,21:27
الأغوار الوسطى,2026-06-22,03:52,05:32,12:40,16:20,19:47,21:27
الأغوار الوسطى,2026-06-23,03:53,05:32,12:40,16:20,19:48,21:27
الأغوار الوسطى,2026-06-24,03:53,05:32,12:40,16:20,19:48,21:27
الأغوار الوسطى,2026-06-25,03:53,05:32,12:40,16:20,19:48,21:27
الأغوار الوسطى,2026-06-26,03:54,05:33,12:40,16:21,19:48,21:27
الأغوار الوسطى,2026-06-27,03:54,05:33,12:41,16:21,19:48,21:27
الأغوار الوسطى,2026-06-28,03:54,05:33,12:41,16:21,19:48,21:27
الأغوار الوسطى,2026-06-29,03:55,05:34,12:41,16:21,19:48,21:27
الأغوار الوسطى,2026-06-30,03:55,05:34,12:41,16:22,19:48,21:27
الأغوار الوسطى,2026-07-01,03:56,05:35,12:41,16:22,19:48,21:27
الأغوار الوسطى,2026-07-02,03:56,05:35,12:42,16:22,19:48,21:27
الأغوار الوسطى,2026-07-03,03:57,05:35,12:42,16:22,19:48,21:26
الأغوار الوسطى,2026-07-04,03:57,05:36,12:42,16:22,19:48,21:26
الأغوار الوسطى,2026-07-05,03:58,05:36,12:42,16:23,19:48,21:26
الأغوار الوسطى,2026-07-06,03:59,05:37,12:42,16:23,19:48,21:26
الأغوار الوسطى,2026-07-07,03:59,05:37,12:42,16:23,19:48,21:25
الأغوار الوسطى,2026-07-08,04:00,05:38,12:43,16:23,19:47,21:25
الأغوار الوسطى,2026-07-09,04:01,05:38,12:43,16:23,19:47,21:25
الأغوار الوسطى,2026-07-10,04:01,05:39,12:43,16:23,19:47,21:24
الأغوار الوسطى,2026-07-11,04:02,05:39,12:43,16:24,19:47,21:24
الأغوار الوسطى,2026-07-12,04:03,05:40,12:43,16:24,19:46,21:23
الأغوار الوسطى,2026-07-13,04:04,05:40,12:43,16:24,19:46,21:23
الأغوار الوسطى,2026-07-14,04:04,05:41,12:43,16:24,19:46,21:22
الأغوار الوسطى,2026-07-15,04:05,05:42,12:44,16:24,19:45,21:21
الأغوار الوسطى,2026-07-16,04:06,05:42,12:44,16:24,19:45,21:21
الأغوار الوسطى,2026-07-17,04:07,05:43,12:44,16:24,19:44,21:20
الأغوار الوسطى,2026-07-18,04:08,05:43,12:44,16:24,19:44,21:19
الأغوار الوسطى,2026-07-19,04:09,05:44,12:44,16:24,19:44,21:19
الأغوار الوسطى,2026-07-20,04:10,05:45,12:44,16:24,19:43,21:18
الأغوار الوسطى,2026-07-21,04:10,05:45,12:44,16:25,19:43,21:17
الأغوار الوسطى,2026-07-22,04:11,05:46,12:44,16:25,19:42,21:16
الأغوار الوسطى,2026-07-23,04:12,05:46,12:44,16:25,19:41,21:15
الأغوار الوسطى,2026-07-24,04:13,05:47,12:44,16:25,19:41,21:14
الأغوار الوسطى,2026-07-25,04:14,05:48,12:44,16:25,19:40,21:14
الأغوار الوسطى,2026-07-26,04:15,05:48,12:44,16:25,19:40,21:13
الأغوار الوسطى,2026-07-27,04:16,05:49,12:44,16:25,19:39,21:12
الأغوار الوسطى,2026-07-28,04:17,05:50,12:44,16:25,19:38,21:11
الأغوار الوسطى,2026-07-29,04:18,05:50,12:44,16:24,19:37,21:10
الأغوار الوسطى,2026-07-30,04:19,05:51,12:44,16:24,19:37,21:09
الأغوار الوسطى,2026-07-31,04:20,05:52,12:44,16:24,19:36,21:08
الأغوار الوسطى,2026-08-01,04:21,05:52,12:44,16:24,19:35,21:07
الأغوار الوسطى,2026-08-02,04:22,05:53,12:44,16:24,19:34,21:05
الأغوار الوسطى,2026-08-03,04:22,05:54,12:44,16:24,19:34,21:04
الأغوار الوسطى,2026-08-04,04:23,05:54,12:44,16:24,19:33,21:03
الأغوار الوسطى,2026-08-05,04:24,05:55,12:44,16:24,19:32,21:02
الأغوار الوسطى,2026-08-06,04:25,05:55,12:43,16:23,19:31,21:01
الأغوار الوسطى,2026-08-07,04:26,05:56,12:43,16:23,19:30,21:00
الأغوار الوسطى,2026-08-08,04:27,05:57,12:43,16:23,19:29,20:58
الأغوار الوسطى,2026-08-09,04:28,05:57,12:43,16:23,19:28,20:57
الأغوار الوسطى,2026-08-10,04:29,05:58,12:43,16:23,19:27,20:56
الأغوار الوسطى,2026-08-11,04:30,05:59,12:43,16:22,19:26,20:55
الأغوار الوسطى,2026-08-12,04:31,05:59,12:43,16:22,19:25,20:54
الأغوار الوسطى,2026-08-13,04:32,06:00,12:42,16:22,19:24,20:52
الأغوار الوسطى,2026-08-14,04:33,06:01,12:42,16:21,19:23,20:51
الأغوار الوسطى,2026-08-15,04:34,06:01,12:42,16:21,19:22,20:50
الأغوار الوسطى,2026-08-16,04:35,06:02,12:42,16:21,19:21,20:48
الأغوار الوسطى,2026-08-17,04:36,06:03,12:42,16:20,19:20,20:47
الأغوار الوسطى,2026-08-18,04:36,06:03,12:41,16:20,19:19,20:46
الأغوار الوسطى,2026-08-19,04:37,06:04,12:41,16:20,19:18,20:44
الأغوار الوسطى,2026-08-20,04:38,06:05,12:41,16:19,19:17,20:43
الأغوار الوسطى,2026-08-21,04:39,06:05,12:41,16:19,19:16,20:42
الأغوار الوسطى,2026-08-22,04:40,06:06,12:40,16:18,19:15,20:40
الأغوار الوسطى,2026-08-23,04:41,06:07,12:40,16:18,19:13,20:39
الأغوار الوسطى,2026-08-24,04:42,06:07,12:40,16:17,19:12,20:37
الأغوار الوسطى,2026-08-25,04:43,06:08,12:40,16:17,19:11,20:36
الأغوار الوسطى,2026-08-26,04:43,06:08,12:39,16:16,19:10,20:35
الأغوار الوسطى,2026-08-27,04:44,06:09,12:39,16:16,19:09,20:33
الأغوار الوسطى,2026-08-28,04:45,06:10,12:39,16:15,19:07,20:32
الأغوار الوسطى,2026-08-29,04:46,06:10,12:39,16:15,19:06,20:30
الأغوار الوسطى,2026-08-30,04:47,06:11,12:38,16:14,19:05,20:29
الأغوار الوسطى,2026-08-31,04:48,06:12,12:38,16:14,19:04,20:27
الأغوار الوسطى,2026-09-01,04:48,06:12,12:38,16:13,19:03,20:26
الأغوار الوسطى,2026-09-02,04:49,06:13,12:37,16:12,19:01,20:25
الأغوار الوسطى,2026-09-03,04:50,06:13,12:37,16:12,19:00,20:23
الأغوار الوسطى,2026-09-04,04:51,06:14,12:37,16:11,18:59,20:22
الأغوار الوسطى,2026-09-05,04:52,06:15,12:36,16:10,18:57,20:20
الأغوار الوسطى,2026-09-06,04:52,06:15,12:36,16:10,18:56,20:19
الأغوار الوسطى,2026-09-07,04:53,06:16,12:36,16:09,18:55,20:17
الأغوار الوسطى,2026-09-08,04:54,06:16,12:35,16:08,18:54,20:16
الأغوار الوسطى,2026-09-09,04:55,06:17,12:35,16:08,18:52,20:14
الأغوار الوسطى,2026-09-10,04:55,06:18,12:35,16:07,18:51,20:13
الأغوار الوسطى,2026-09-11,04:56,06:18,12:34,16:06,18:50,20:12
الأغوار الوسطى,2026-09-12,04:57,06:19,12:34,16:06,18:48,20:10
الأغوار الوسطى,2026-09-13,04:58,06:19,12:34,16:05,18:47,20:09
الأغوار الوسطى,2026-09-14,04:58,06:20,12:33,16:04,18:46,20:07
الأغوار الوسطى,2026-09-15,04:59,06:21,12:33,16:03,18:44,20:06
الأغوار الوسطى,2026-09-16,05:00,06:21,12:32,16:03,18:43,20:04
الأغوار الوسطى,2026-09-17,05:01,06:22,12:32,16:02,18:42,20:03
الأغوار الوسطى,2026-09-18,05:01,06:22,12:32,16:01,18:40,20:02
الأغوار الوسطى,2026-09-19,05:02,06:23,12:31,16:00,18:39,20:00
الأغوار الوسطى,2026-09-20,05:03,06:24,12:31,15:59,18:38,19:59
الأغوار الوسطى,2026-09-21,05:03,06:24,12:31,15:59,18:37,19:57
الأغوار الوسطى,2026-09-22,05:04,06:25,12:30,15:58,18:35,19:56
الأغوار الوسطى,2026-09-23,05:05,06:26,12:30,15:57,18:34,19:54
الأغوار الوسطى,2026-09-24,05:05,06:26,12:30,15:56,18:33,19:53
الأغوار الوسطى,2026-09-25,05:06,06:27,12:29,15:55,18:31,19:52
الأغوار الوسطى,2026-09-26,05:07,06:27,12:29,15:54,18:30,19:50
الأغوار الوسطى,2026-09-27,05:07,06:28,12:29,15:54,18:29,19:49
الأغوار الوسطى,2026-09-28,05:08,06:29,12:28,15:53,18:27,19:48
الأغوار الوسطى,2026-09-29,05:09,06:29,12:28,15:52,18:26,19:46
الأغوار الوسطى,2026-09-30,05:10,06:30,12:28,15:51,18:25,19:45
الأغوار الوسطى,2026-10-01,05:10,06:31,12:27,15:50,18:23,19:44
الأغوار الوسطى,2026-10-02,05:11,06:31,12:27,15:49,18:22,19:42
الأغوار الوسطى,2026-10-03,05:12,06:32,12:27,15:48,18:21,19:41
الأغوار الوسطى,2026-10-04,05:12,06:32,12:26,15:48,18:20,19:40
الأغوار الوسطى,2026-10-05,05:13,06:33,12:26,15:47,18:18,19:39
الأغوار الوسطى,2026-10-06,05:14,06:34,12:26,15:46,18:17,19:37
الأغوار الوسطى,2026-10-07,05:14,06:34,12:25,15:45,18:16,19:36
الأغوار الوسطى,2026-10-08,05:15,06:35,12:25,15:44,18:15,19:35
الأغوار الوسطى,2026-10-09,05:16,06:36,12:25,15:43,18:13,19:34
الأغوار الوسطى,2026-10-10,05:16,06:37,12:25,15:42,18:12,19:32
الأغوار الوسطى,2026-10-11,05:17,06:37,12:24,15:42,18:11,19:31
الأغوار الوسطى,2026-10-12,05:18,06:38,12:24,15:41,18:10,19:30
الأغوار الوسطى,2026-10-13,05:18,06:39,12:24,15:40,18:09,19:29
الأغوار الوسطى,2026-10-14,05:19,06:39,12:24,15:39,18:07,19:28
الأغوار الوسطى,2026-10-15,05:20,06:40,12:23,15:38,18:06,19:27
الأغوار الوسطى,2026-10-16,05:20,06:41,12:23,15:37,18:05,19:26
الأغوار الوسطى,2026-10-17,05:21,06:41,12:23,15:37,18:04,19:24
الأغوار الوسطى,2026-10-18,05:22,06:42,12:23,15:36,18:03,19:23
الأغوار الوسطى,2026-10-19,05:22,06:43,12:23,15:35,18:02,19:22
الأغوار الوسطى,2026-10-20,05:23,06:44,12:22,15:34,18:01,19:21
الأغوار الوسطى,2026-10-21,05:24,06:44,12:22,15:33,18:00,19:20
الأغوار الوسطى,2026-10-22,05:24,06:45,12:22,15:33,17:58,19:19
الأغوار الوسطى,2026-10-23,05:25,06:46,12:22,15:32,17:57,19:18
الأغوار الوسطى,2026-10-24,05:26,06:47,12:22,15:31,17:56,19:17
الأغوار الوسطى,2026-10-25,05:26,06:47,12:22,15:30,17:55,19:16
الأغوار الوسطى,2026-10-26,05:27,06:48,12:22,15:29,17:54,19:16
الأغوار الوسطى,2026-10-27,05:28,06:49,12:21,15:29,17:53,19:15
الأغوار الوسطى,2026-10-28,05:28,06:50,12:21,15:28,17:52,19:14
الأغوار الوسطى,2026-10-29,05:29,06:51,12:21,15:27,17:52,19:13
الأغوار الوسطى,2026-10-30,05:30,06:51,12:21,15:27,17:51,19:12
الأغوار الوسطى,2026-10-31,05:31,06:52,12:21,15:26,17:50,19:11
الأغوار الوسطى,2026-11-01,05:31,06:53,12:21,15:25,17:49,19:11
الأغوار الوسطى,2026-11-02,05:32,06:54,12:21,15:25,17:48,19:10
الأغوار الوسطى,2026-11-03,05:33,06:55,12:21,15:24,17:47,19:09
الأغوار الوسطى,2026-11-04,05:33,06:56,12:21,15:23,17:46,19:08
الأغوار الوسطى,2026-11-05,05:34,06:56,12:21,15:23,17:45,19:08
الأغوار الوسطى,2026-11-06,05:35,06:57,12:21,15:22,17:45,19:07
الأغوار الوسطى,2026-11-07,05:36,06:58,12:21,15:22,17:44,19:06
الأغوار الوسطى,2026-11-08,05:36,06:59,12:21,15:21,17:43,19:06
الأغوار الوسطى,2026-11-09,05:37,07:00,12:21,15:20,17:43,19:05
الأغوار الوسطى,2026-11-10,05:38,07:01,12:21,15:20,17:42,19:05
الأغوار الوسطى,2026-11-11,05:39,07:02,12:22,15:19,17:41,19:04
الأغوار الوسطى,2026-11-12,05:39,07:02,12:22,15:19,17:41,19:04
الأغوار الوسطى,2026-11-13,05:40,07:03,12:22,15:19,17:40,19:03
الأغوار الوسطى,2026-11-14,05:41,07:04,12:22,15:18,17:39,19:03
الأغوار الوسطى,2026-11-15,05:42,07:05,12:22,15:18,17:39,19:02
الأغوار الوسطى,2026-11-16,05:42,07:06,12:22,15:17,17:38,19:02
الأغوار الوسطى,2026-11-17,05:43,07:07,12:22,15:17,17:38,19:02
الأغوار الوسطى,2026-11-18,05:44,07:08,12:23,15:17,17:37,19:01
الأغوار الوسطى,2026-11-19,05:45,07:09,12:23,15:16,17:37,19:01
الأغوار الوسطى,2026-11-20,05:45,07:09,12:23,15:16,17:37,19:01
الأغوار الوسطى,2026-11-21,05:46,07:10,12:23,15:16,17:36,19:00
الأغوار الوسطى,2026-11-22,05:47,07:11,12:24,15:16,17:36,19:00
الأغوار الوسطى,2026-11-23,05:48,07:12,12:24,15:15,17:35,19:00
الأغوار الوسطى,2026-11-24,05:48,07:13,12:24,15:15,17:35,19:00
الأغوار الوسطى,2026-11-25,05:49,07:14,12:24,15:15,17:35,19:00
الأغوار الوسطى,2026-11-26,05:50,07:15,12:25,15:15,17:35,19:00
الأغوار الوسطى,2026-11-27,05:51,07:16,12:25,15:15,17:34,18:59
الأغوار الوسطى,2026-11-28,05:51,07:16,12:25,15:15,17:34,18:59
الأغوار الوسطى,2026-11-29,05:52,07:17,12:26,15:14,17:34,18:59
الأغوار الوسطى,2026-11-30,05:53,07:18,12:26,15:14,17:34,18:59
الأغوار الوسطى,2026-12-01,05:53,07:19,12:27,15:14,17:34,18:59
الأغوار الوسطى,2026-12-02,05:54,07:20,12:27,15:14,17:34,18:59
الأغوار الوسطى,2026-12-03,05:55,07:21,12:27,15:14,17:34,18:59
الأغوار الوسطى,2026-12-04,05:56,07:21,12:28,15:15,17:34,19:00
الأغوار الوسطى,2026-12-05,05:56,07:22,12:28,15:15,17:34,19:00
الأغوار الوسطى,2026-12-06,05:57,07:23,12:29,15:15,17:34,19:00
الأغوار الوسطى,2026-12-07,05:58,07:24,12:29,15:15,17:34,19:00
الأغوار الوسطى,2026-12-08,05:58,07:24,12:29,15:15,17:34,19:00
الأغوار الوسطى,2026-12-09,05:59,07:25,12:30,15:15,17:34,19:00
الأغوار الوسطى,2026-12-10,06:00,07:26,12:30,15:15,17:35,19:01
الأغوار الوسطى,2026-12-11,06:00,07:27,12:31,15:16,17:35,19:01
الأغوار الوسطى,2026-12-12,06:01,07:27,12:31,15:16,17:35,19:01
الأغوار الوسطى,2026-12-13,06:02,07:28,12:32,15:16,17:35,19:02
الأغوار الوسطى,2026-12-14,06:02,07:29,12:32,15:17,17:36,19:02
الأغوار الوسطى,2026-12-15,06:03,07:29,12:33,15:17,17:36,19:02
الأغوار الوسطى,2026-12-16,06:04,07:30,12:33,15:17,17:36,19:03
الأغوار الوسطى,2026-12-17,06:04,07:31,12:34,15:18,17:37,19:03
الأغوار الوسطى,2026-12-18,06:05,07:31,12:34,15:18,17:37,19:03
الأغوار الوسطى,2026-12-19,06:05,07:32,12:35,15:19,17:37,19:04
الأغوار الوسطى,2026-12-20,06:06,07:32,12:35,15:19,17:38,19:04
الأغوار الوسطى,2026-12-21,06:06,07:33,12:36,15:20,17:38,19:05
الأغوار الوسطى,2026-12-22,06:07,07:33,12:36,15:20,17:39,19:05
الأغوار الوسطى,2026-12-23,06:07,07:34,12:37,15:21,17:39,19:06
الأغوار الوسطى,2026-12-24,06:08,07:34,12:37,15:21,17:40,19:06
الأغوار الوسطى,2026-12-25,06:08,07:35,12:38,15:22,17:40,19:07
الأغوار الوسطى,2026-12-26,06:09,07:35,12:38,15:22,17:41,19:08
الأغوار الوسطى,2026-12-27,06:09,07:35,12:39,15:23,17:42,19:08
الأغوار الوسطى,2026-12-28,06:09,07:36,12:39,15:23,17:42,19:09
الأغوار الوسطى,2026-12-29,06:10,07:36,12:39,15:24,17:43,19:09
الأغوار الوسطى,2026-12-30,06:10,07:36,12:40,15:25,17:44,19:10
الأغوار الوسطى,2026-12-31,06:10,07:37,12:40,15:25,17:44,19:11
الرويشد,2026-03-12,05:20,06:37,12:37,16:00,18:37,19:54
الرويشد,2026-03-13,05:19,06:36,12:37,16:00,18:38,19:55
الرويشد,2026-03-14,05:17,06:34,12:36,16:01,18:39,19:56
الرويشد,2026-03-15,05:16,06:33,12:36,16:01,18:40,19:57
الرويشد,2026-03-16,05:15,06:32,12:36,16:01,18:40,19:58
الرويشد,2026-03-17,05:13,06:31,12:36,16:01,18:41,19:58
الرويشد,2026-03-18,05:12,06:29,12:35,16:02,18:42,19:59
الرويشد,2026-03-19,05:11,06:28,12:35,16:02,18:42,20:00
الرويشد,2026-03-20,05:09,06:27,12:35,16:02,18:43,20:01
الرويشد,2026-03-21,05:08,06:25,12:34,16:02,18:44,20:01
الرويشد,2026-03-22,05:07,06:24,12:34,16:03,18:45,20:02
الرويشد,2026-03-23,05:05,06:23,12:34,16:03,18:45,20:03
الرويشد,2026-03-24,05:04,06:22,12:33,16:03,18:46,20:04
الرويشد,2026-03-25,05:02,06:20,12:33,16:03,18:47,20:05
الرويشد,2026-03-26,05:01,06:19,12:33,16:03,18:47,20:05
الرويشد,2026-03-27,05:00,06:18,12:33,16:03,18:48,20:06
الرويشد,2026-03-28,04:58,06:16,12:32,16:03,18:49,20:07
الرويشد,2026-03-29,04:57,06:15,12:32,16:04,18:49,20:08
الرويشد,2026-03-30,04:55,06:14,12:32,16:04,18:50,20:09
الرويشد,2026-03-31,04:54,06:12,12:31,16:04,18:51,20:10
الرويشد,2026-04-01,04:52,06:11,12:31,16:04,18:52,20:10
الرويشد,2026-04-02,04:51,06:10,12:31,16:04,18:52,20:11
الرويشد,2026-04-03,04:50,06:08,12:30,16:04,18:53,20:12
الرويشد,2026-04-04,04:48,06:07,12:30,16:04,18:54,20:13
الرويشد,2026-04-05,04:47,06:06,12:30,16:04,18:54,20:14
الرويشد,2026-04-06,04:45,06:05,12:30,16:04,18:55,20:15
الرويشد,2026-04-07,04:44,06:03,12:29,16:04,18:56,20:16
الرويشد,2026-04-08,04:42,06:02,12:29,16:04,18:57,20:17
الرويشد,2026-04-09,04:41,06:01,12:29,16:05,18:57,20:17
الرويشد,2026-04-10,04:39,06:00,12:29,16:05,18:58,20:18
الرويشد,2026-04-11,04:38,05:58,12:28,16:05,18:59,20:19
الرويشد,2026-04-12,04:37,05:57,12:28,16:05,18:59,20:20
الرويشد,2026-04-13,04:35,05:56,12:28,16:05,19:00,20:21
الرويشد,2026-04-14,04:34,05:55,12:27,16:05,19:01,20:22
الرويشد,2026-04-15,04:32,05:54,12:27,16:05,19:01,20:23
الرويشد,2026-04-16,04:31,05:52,12:27,16:05,19:02,20:24
الرويشد,2026-04-17,04:30,05:51,12:27,16:05,19:03,20:25
الرويشد,2026-04-18,04:28,05:50,12:27,16:05,19:04,20:26
الرويشد,2026-04-19,04:27,05:49,12:26,16:05,19:04,20:27
الرويشد,2026-04-20,04:25,05:48,12:26,16:05,19:05,20:28
الرويشد,2026-04-21,04:24,05:47,12:26,16:05,19:06,20:29
الرويشد,2026-04-22,04:23,05:45,12:26,16:05,19:07,20:30
الرويشد,2026-04-23,04:21,05:44,12:26,16:05,19:07,20:31
الرويشد,2026-04-24,04:20,05:43,12:25,16:05,19:08,20:32
الرويشد,2026-04-25,04:19,05:42,12:25,16:05,19:09,20:33
الرويشد,2026-04-26,04:17,05:41,12:25,16:05,19:09,20:34
الرويشد,2026-04-27,04:16,05:40,12:25,16:05,19:10,20:35
الرويشد,2026-04-28,04:15,05:39,12:25,16:05,19:11,20:36
الرويشد,2026-04-29,04:13,05:38,12:25,16:05,19:12,20:37
الرويشد,2026-04-30,04:12,05:37,12:24,16:05,19:12,20:38
الرويشد,2026-05-01,04:11,05:36,12:24,16:05,19:13,20:39
الرويشد,2026-05-02,04:09,05:35,12:24,16:05,19:14,20:40
الرويشد,2026-05-03,04:08,05:34,12:24,16:05,19:15,20:41
الرويشد,2026-05-04,04:07,05:33,12:24,16:05,19:15,20:42
الرويشد,2026-05-05,04:06,05:32,12:24,16:05,19:16,20:43
الرويشد,2026-05-06,04:05,05:31,12:24,16:05,19:17,20:44
الرويشد,2026-05-07,04:03,05:30,12:24,16:05,19:18,20:45
الرويشد,2026-05-08,04:02,05:29,12:24,16:05,19:18,20:46
الرويشد,2026-05-09,04:01,05:29,12:24,16:05,19:19,20:47
الرويشد,2026-05-10,04:00,05:28,12:24,16:05,19:20,20:48
الرويشد,2026-05-11,03:59,05:27,12:24,16:05,19:21,20:49
الرويشد,2026-05-12,03:58,05:26,12:24,16:05,19:21,20:50
الرويشد,2026-05-13,03:57,05:26,12:24,16:05,19:22,20:51
الرويشد,2026-05-14,03:56,05:25,12:24,16:05,19:23,20:52
الرويشد,2026-05-15,03:55,05:24,12:24,16:05,19:23,20:53
الرويشد,2026-05-16,03:54,05:23,12:24,16:05,19:24,20:54
الرويشد,2026-05-17,03:53,05:23,12:24,16:05,19:25,20:55
الرويشد,2026-05-18,03:52,05:22,12:24,16:06,19:26,20:56
الرويشد,2026-05-19,03:51,05:21,12:24,16:06,19:26,20:57
الرويشد,2026-05-20,03:50,05:21,12:24,16:06,19:27,20:58
الرويشد,2026-05-21,03:49,05:20,12:24,16:06,19:28,20:59
الرويشد,2026-05-22,03:48,05:20,12:24,16:06,19:28,21:00
الرويشد,2026-05-23,03:48,05:19,12:24,16:06,19:29,21:01
الرويشد,2026-05-24,03:47,05:19,12:24,16:06,19:30,21:02
الرويشد,2026-05-25,03:46,05:18,12:24,16:06,19:30,21:03
الرويشد,2026-05-26,03:45,05:18,12:24,16:06,19:31,21:04
الرويشد,2026-05-27,03:45,05:17,12:24,16:06,19:32,21:04
الرويشد,2026-05-28,03:44,05:17,12:24,16:06,19:32,21:05
الرويشد,2026-05-29,03:44,05:17,12:25,16:07,19:33,21:06
الرويشد,2026-05-30,03:43,05:16,12:25,16:07,19:33,21:07
الرويشد,2026-05-31,03:42,05:16,12:25,16:07,19:34,21:08
الرويشد,2026-06-01,03:42,05:16,12:25,16:07,19:35,21:09
الرويشد,2026-06-02,03:41,05:15,12:25,16:07,19:35,21:09
الرويشد,2026-06-03,03:41,05:15,12:25,16:07,19:36,21:10
الرويشد,2026-06-04,03:41,05:15,12:26,16:07,19:36,21:11
الرويشد,2026-06-05,03:40,05:15,12:26,16:08,19:37,21:12
الرويشد,2026-06-06,03:40,05:15,12:26,16:08,19:37,21:12
الرويشد,2026-06-07,03:39,05:14,12:26,16:08,19:38,21:13
الرويشد,2026-06-08,03:39,05:14,12:26,16:08,19:38,21:14
الرويشد,2026-06-09,03:39,05:14,12:26,16:08,19:39,21:14
الرويشد,2026-06-10,03:39,05:14,12:27,16:08,19:39,21:15
الرويشد,2026-06-11,03:39,05:14,12:27,16:09,19:40,21:15
الرويشد,2026-06-12,03:38,05:14,12:27,16:09,19:40,21:16
الرويشد,2026-06-13,03:38,05:14,12:27,16:09,19:40,21:16
الرويشد,2026-06-14,03:38,05:14,12:27,16:09,19:41,21:17
الرويشد,2026-06-15,03:38,05:14,12:28,16:09,19:41,21:17
الرويشد,2026-06-16,03:38,05:14,12:28,16:10,19:42,21:18
الرويشد,2026-06-17,03:38,05:14,12:28,16:10,19:42,21:18
الرويشد,2026-06-18,03:38,05:15,12:28,16:10,19:42,21:18
الرويشد,2026-06-19,03:39,05:15,12:29,16:10,19:42,21:19
الرويشد,2026-06-20,03:39,05:15,12:29,16:11,19:43,21:19
الرويشد,2026-06-21,03:39,05:15,12:29,16:11,19:43,21:19
الرويشد,2026-06-22,03:39,05:15,12:29,16:11,19:43,21:19
الرويشد,2026-06-23,03:39,05:16,12:29,16:11,19:43,21:19
الرويشد,2026-06-24,03:40,05:16,12:30,16:11,19:43,21:20
الرويشد,2026-06-25,03:40,05:16,12:30,16:12,19:44,21:20
الرويشد,2026-06-26,03:40,05:16,12:30,16:12,19:44,21:20
الرويشد,2026-06-27,03:41,05:17,12:30,16:12,19:44,21:20
الرويشد,2026-06-28,03:41,05:17,12:30,16:12,19:44,21:20
الرويشد,2026-06-29,03:42,05:17,12:31,16:12,19:44,21:20
الرويشد,2026-06-30,03:42,05:18,12:31,16:13,19:44,21:19
الرويشد,2026-07-01,03:43,05:18,12:31,16:13,19:44,21:19
الرويشد,2026-07-02,03:43,05:19,12:31,16:13,19:44,21:19
الرويشد,2026-07-03,03:44,05:19,12:31,16:13,19:44,21:19
الرويشد,2026-07-04,03:44,05:20,12:32,16:13,19:44,21:19
الرويشد,2026-07-05,03:45,05:20,12:32,16:14,19:43,21:18
الرويشد,2026-07-06,03:46,05:21,12:32,16:14,19:43,21:18
الرويشد,2026-07-07,03:46,05:21,12:32,16:14,19:43,21:18
الرويشد,2026-07-08,03:47,05:22,12:32,16:14,19:43,21:17
الرويشد,2026-07-09,03:48,05:22,12:32,16:14,19:43,21:17
الرويشد,2026-07-10,03:48,05:23,12:33,16:14,19:42,21:16
الرويشد,2026-07-11,03:49,05:23,12:33,16:15,19:42,21:16
الرويشد,2026-07-12,03:50,05:24,12:33,16:15,19:42,21:15
الرويشد,2026-07-13,03:51,05:24,12:33,16:15,19:41,21:15
الرويشد,2026-07-14,03:52,05:25,12:33,16:15,19:41,21:14
الرويشد,2026-07-15,03:52,05:25,12:33,16:15,19:41,21:14
الرويشد,2026-07-16,03:53,05:26,12:33,16:15,19:40,21:13
الرويشد,2026-07-17,03:54,05:27,12:33,16:15,19:40,21:12
الرويشد,2026-07-18,03:55,05:27,12:33,16:15,19:39,21:11
الرويشد,2026-07-19,03:56,05:28,12:34,16:15,19:39,21:11
الرويشد,2026-07-20,03:57,05:29,12:34,16:15,19:38,21:10
الرويشد,2026-07-21,03:58,05:29,12:34,16:15,19:38,21:09
الرويشد,2026-07-22,03:59,05:30,12:34,16:16,19:37,21:08
الرويشد,2026-07-23,03:59,05:30,12:34,16:16,19:37,21:07
الرويشد,2026-07-24,04:00,05:31,12:34,16:16,19:36,21:06
الرويشد,2026-07-25,04:01,05:32,12:34,16:16,19:35,21:06
الرويشد,2026-07-26,04:02,05:32,12:34,16:15,19:35,21:05
الرويشد,2026-07-27,04:03,05:33,12:34,16:15,19:34,21:04
الرويشد,2026-07-28,04:04,05:34,12:34,16:15,19:33,21:03
الرويشد,2026-07-29,04:05,05:34,12:34,16:15,19:33,21:02
الرويشد,2026-07-30,04:06,05:35,12:34,16:15,19:32,21:00
الرويشد,2026-07-31,04:07,05:36,12:34,16:15,19:31,20:59
الرويشد,2026-08-01,04:08,05:37,12:34,16:15,19:30,20:58
الرويشد,2026-08-02,04:09,05:37,12:33,16:15,19:29,20:57
الرويشد,2026-08-03,04:10,05:38,12:33,16:15,19:29,20:56
الرويشد,2026-08-04,04:11,05:39,12:33,16:15,19:28,20:55
الرويشد,2026-08-05,04:12,05:39,12:33,16:14,19:27,20:54
الرويشد,2026-08-06,04:13,05:40,12:33,16:14,19:26,20:53
الرويشد,2026-08-07,04:14,05:41,12:33,16:14,19:25,20:51
الرويشد,2026-08-08,04:15,05:41,12:33,16:14,19:24,20:50
الرويشد,2026-08-09,04:16,05:42,12:33,16:13,19:23,20:49
الرويشد,2026-08-10,04:17,05:43,12:33,16:13,19:22,20:48
الرويشد,2026-08-11,04:18,05:43,12:32,16:13,19:21,20:46
الرويشد,2026-08-12,04:19,05:44,12:32,16:13,19:20,20:45
الرويشد,2026-08-13,04:20,05:45,12:32,16:12,19:19,20:44
الرويشد,2026-08-14,04:21,05:45,12:32,16:12,19:18,20:42
الرويشد,2026-08-15,04:22,05:46,12:32,16:12,19:17,20:41
الرويشد,2026-08-16,04:23,05:47,12:32,16:11,19:16,20:40
الرويشد,2026-08-17,04:24,05:47,12:31,16:11,19:15,20:38
الرويشد,2026-08-18,04:25,05:48,12:31,16:10,19:14,20:37
الرويشد,2026-08-19,04:25,05:49,12:31,16:10,19:12,20:36
الرويشد,2026-08-20,04:26,05:50,12:31,16:10,19:11,20:34
الرويشد,2026-08-21,04:27,05:50,12:30,16:09,19:10,20:33
الرويشد,2026-08-22,04:28,05:51,12:30,16:09,19:09,20:31
الرويشد,2026-08-23,04:29,05:52,12:30,16:08,19:08,20:30
الرويشد,2026-08-24,04:30,05:52,12:30,16:08,19:07,20:28
الرويشد,2026-08-25,04:31,05:53,12:29,16:07,19:05,20:27
الرويشد,2026-08-26,04:32,05:53,12:29,16:07,19:04,20:26
الرويشد,2026-08-27,04:33,05:54,12:29,16:06,19:03,20:24
الرويشد,2026-08-28,04:33,05:55,12:28,16:06,19:02,20:23
الرويشد,2026-08-29,04:34,05:55,12:28,16:05,19:00,20:21
الرويشد,2026-08-30,04:35,05:56,12:28,16:04,18:59,20:20
الرويشد,2026-08-31,04:36,05:57,12:28,16:04,18:58,20:18
الرويشد,2026-09-01,04:37,05:57,12:27,16:03,18:57,20:17
الرويشد,2026-09-02,04:38,05:58,12:27,16:03,18:55,20:15
الرويشد,2026-09-03,04:39,05:59,12:27,16:02,18:54,20:14
الرويشد,2026-09-04,04:39,05:59,12:26,16:01,18:53,20:12
الرويشد,2026-09-05,04:40,06:00,12:26,16:01,18:51,20:11
الرويشد,2026-09-06,04:41,06:01,12:26,16:00,18:50,20:09
الرويشد,2026-09-07,04:42,06:01,12:25,15:59,18:49,20:08
الرويشد,2026-09-08,04:43,06:02,12:25,15:58,18:47,20:07
الرويشد,2026-09-09,04:43,06:02,12:25,15:58,18:46,20:05
الرويشد,2026-09-10,04:44,06:03,12:24,15:57,18:45,20:04
الرويشد,2026-09-11,04:45,06:04,12:24,15:56,18:44,20:02
الرويشد,2026-09-12,04:46,06:04,12:24,15:56,18:42,20:01
الرويشد,2026-09-13,04:46,06:05,12:23,15:55,18:41,19:59
الرويشد,2026-09-14,04:47,06:06,12:23,15:54,18:39,19:58
الرويشد,2026-09-15,04:48,06:06,12:22,15:53,18:38,19:56
الرويشد,2026-09-16,04:49,06:07,12:22,15:52,18:37,19:55
الرويشد,2026-09-17,04:49,06:08,12:22,15:52,18:35,19:53
الرويشد,2026-09-18,04:50,06:08,12:21,15:51,18:34,19:52
الرويشد,2026-09-19,04:51,06:09,12:21,15:50,18:33,19:50
الرويشد,2026-09-20,04:52,06:09,12:21,15:49,18:31,19:49
الرويشد,2026-09-21,04:52,06:10,12:20,15:48,18:30,19:48
الرويشد,2026-09-22,04:53,06:11,12:20,15:47,18:29,19:46
الرويشد,2026-09-23,04:54,06:11,12:20,15:47,18:27,19:45
الرويشد,2026-09-24,04:55,06:12,12:19,15:46,18:26,19:43
الرويشد,2026-09-25,04:55,06:13,12:19,15:45,18:25,19:42
الرويشد,2026-09-26,04:56,06:13,12:19,15:44,18:23,19:41
الرويشد,2026-09-27,04:57,06:14,12:18,15:43,18:22,19:39
الرويشد,2026-09-28,04:57,06:15,12:18,15:42,18:21,19:38
الرويشد,2026-09-29,04:58,06:15,12:18,15:41,18:19,19:36
الرويشد,2026-09-30,04:59,06:16,12:17,15:41,18:18,19:35
الرويشد,2026-10-01,04:59,06:17,12:17,15:40,18:17,19:34
الرويشد,2026-10-02,05:00,06:17,12:17,15:39,18:15,19:32
الرويشد,2026-10-03,05:01,06:18,12:16,15:38,18:14,19:31
الرويشد,2026-10-04,05:02,06:19,12:16,15:37,18:13,19:30
الرويشد,2026-10-05,05:02,06:19,12:16,15:36,18:12,19:29
الرويشد,2026-10-06,05:03,06:20,12:15,15:35,18:10,19:27
الرويشد,2026-10-07,05:04,06:21,12:15,15:34,18:09,19:26
الرويشد,2026-10-08,05:04,06:21,12:15,15:33,18:08,19:25
الرويشد,2026-10-09,05:05,06:22,12:15,15:33,18:07,19:23
الرويشد,2026-10-10,05:06,06:23,12:14,15:32,18:05,19:22
الرويشد,2026-10-11,05:06,06:23,12:14,15:31,18:04,19:21
الرويشد,2026-10-12,05:07,06:24,12:14,15:30,18:03,19:20
الرويشد,2026-10-13,05:08,06:25,12:13,15:29,18:02,19:19
الرويشد,2026-10-14,05:08,06:26,12:13,15:28,18:00,19:18
الرويشد,2026-10-15,05:09,06:26,12:13,15:27,17:59,19:16
الرويشد,2026-10-16,05:10,06:27,12:13,15:27,17:58,19:15
الرويشد,2026-10-17,05:11,06:28,12:13,15:26,17:57,19:14
الرويشد,2026-10-18,05:11,06:29,12:12,15:25,17:56,19:13
الرويشد,2026-10-19,05:12,06:29,12:12,15:24,17:55,19:12
الرويشد,2026-10-20,05:13,06:30,12:12,15:23,17:54,19:11
الرويشد,2026-10-21,05:13,06:31,12:12,15:22,17:52,19:10
الرويشد,2026-10-22,05:14,06:32,12:12,15:22,17:51,19:09
الرويشد,2026-10-23,05:15,06:32,12:12,15:21,17:50,19:08
الرويشد,2026-10-24,05:15,06:33,12:11,15:20,17:49,19:07
الرويشد,2026-10-25,05:16,06:34,12:11,15:19,17:48,19:06
الرويشد,2026-10-26,05:17,06:35,12:11,15:18,17:47,19:05
الرويشد,2026-10-27,05:18,06:36,12:11,15:18,17:46,19:04
الرويشد,2026-10-28,05:18,06:36,12:11,15:17,17:45,19:03
الرويشد,2026-10-29,05:19,06:37,12:11,15:16,17:44,19:02
الرويشد,2026-10-30,05:20,06:38,12:11,15:15,17:43,19:02
الرويشد,2026-10-31,05:20,06:39,12:11,15:15,17:42,19:01
الرويشد,2026-11-01,05:21,06:40,12:11,15:14,17:42,19:00
الرويشد,2026-11-02,05:22,06:40,12:11,15:13,17:41,18:59
الرويشد,2026-11-03,05:23,06:41,12:11,15:13,17:40,18:58
الرويشد,2026-11-04,05:23,06:42,12:11,15:12,17:39,18:58
الرويشد,2026-11-05,05:24,06:43,12:11,15:11,17:38,18:57
الرويشد,2026-11-06,05:25,06:44,12:11,15:11,17:37,18:56
الرويشد,2026-11-07,05:26,06:45,12:11,15:10,17:37,18:56
الرويشد,2026-11-08,05:26,06:46,12:11,15:10,17:36,18:55
الرويشد,2026-11-09,05:27,06:46,12:11,15:09,17:35,18:54
الرويشد,2026-11-10,05:28,06:47,12:11,15:09,17:35,18:54
الرويشد,2026-11-11,05:29,06:48,12:11,15:08,17:34,18:53
الرويشد,2026-11-12,05:29,06:49,12:11,15:08,17:33,18:53
الرويشد,2026-11-13,05:30,06:50,12:11,15:07,17:33,18:52
الرويشد,2026-11-14,05:31,06:51,12:12,15:07,17:32,18:52
الرويشد,2026-11-15,05:32,06:52,12:12,15:06,17:31,18:51
الرويشد,2026-11-16,05:33,06:53,12:12,15:06,17:31,18:51
الرويشد,2026-11-17,05:33,06:54,12:12,15:05,17:30,18:51
الرويشد,2026-11-18,05:34,06:54,12:12,15:05,17:30,18:50
الرويشد,2026-11-19,05:35,06:55,12:13,15:05,17:30,18:50
الرويشد,2026-11-20,05:36,06:56,12:13,15:04,17:29,18:50
الرويشد,2026-11-21,05:36,06:57,12:13,15:04,17:29,18:49
الرويشد,2026-11-22,05:37,06:58,12:13,15:04,17:28,18:49
الرويشد,2026-11-23,05:38,06:59,12:14,15:04,17:28,18:49
الرويشد,2026-11-24,05:39,07:00,12:14,15:04,17:28,18:49
الرويشد,2026-11-25,05:39,07:01,12:14,15:03,17:27,18:49
الرويشد,2026-11-26,05:40,07:01,12:14,15:03,17:27,18:49
الرويشد,2026-11-27,05:41,07:02,12:15,15:03,17:27,18:48
الرويشد,2026-11-28,05:42,07:03,12:15,15:03,17:27,18:48
الرويشد,2026-11-29,05:42,07:04,12:15,15:03,17:27,18:48
الرويشد,2026-11-30,05:43,07:05,12:16,15:03,17:27,18:48
الرويشد,2026-12-01,05:44,07:06,12:16,15:03,17:26,18:48
الرويشد,2026-12-02,05:45,07:07,12:17,15:03,17:26,18:48
الرويشد,2026-12-03,05:45,07:07,12:17,15:03,17:26,18:48
الرويشد,2026-12-04,05:46,07:08,12:17,15:03,17:26,18:48
الرويشد,2026-12-05,05:47,07:09,12:18,15:03,17:26,18:49
الرويشد,2026-12-06,05:48,07:10,12:18,15:03,17:26,18:49
الرويشد,2026-12-07,05:48,07:11,12:19,15:03,17:27,18:49
الرويشد,2026-12-08,05:49,07:11,12:19,15:03,17:27,18:49
الرويشد,2026-12-09,05:50,07:12,12:19,15:04,17:27,18:49
الرويشد,2026-12-10,05:50,07:13,12:20,15:04,17:27,18:49
الرويشد,2026-12-11,05:51,07:13,12:20,15:04,17:27,18:50
الرويشد,2026-12-12,05:52,07:14,12:21,15:04,17:27,18:50
الرويشد,2026-12-13,05:52,07:15,12:21,15:05,17:28,18:50
الرويشد,2026-12-14,05:53,07:16,12:22,15:05,17:28,18:51
الرويشد,2026-12-15,05:53,07:16,12:22,15:05,17:28,18:51
الرويشد,2026-12-16,05:54,07:17,12:23,15:06,17:29,18:51
الرويشد,2026-12-17,05:55,07:17,12:23,15:06,17:29,18:52
الرويشد,2026-12-18,05:55,07:18,12:24,15:06,17:29,18:52
الرويشد,2026-12-19,05:56,07:19,12:24,15:07,17:30,18:53
الرويشد,2026-12-20,05:56,07:19,12:25,15:07,17:30,18:53
الرويشد,2026-12-21,05:57,07:20,12:25,15:08,17:31,18:54
الرويشد,2026-12-22,05:57,07:20,12:26,15:08,17:31,18:54
الرويشد,2026-12-23,05:58,07:21,12:26,15:09,17:32,18:55
الرويشد,2026-12-24,05:58,07:21,12:27,15:09,17:32,18:55
الرويشد,2026-12-25,05:59,07:22,12:27,15:10,17:33,18:56
الرويشد,2026-12-26,05:59,07:22,12:28,15:10,17:34,18:56
الرويشد,2026-12-27,06:00,07:22,12:28,15:11,17:34,18:57
الرويشد,2026-12-28,06:00,07:23,12:29,15:12,17:35,18:58
الرويشد,2026-12-29,06:00,07:23,12:29,15:12,17:35,18:58
الرويشد,2026-12-30,06:01,07:23,12:30,15:13,17:36,18:59
الرويشد,2026-12-31,06:01,07:24,12:30,15:14,17:37,18:59
الشوبك والبتراء,2026-03-12,05:32,06:44,12:48,16:12,18:52,20:04
الشوبك والبتراء,2026-03-13,05:31,06:43,12:47,16:12,18:52,20:05
الشوبك والبتراء,2026-03-14,05:30,06:42,12:47,16:12,18:53,20:05
الشوبك والبتراء,2026-03-15,05:28,06:41,12:47,16:12,18:54,20:06
الشوبك والبتراء,2026-03-16,05:27,06:40,12:47,16:12,18:54,20:07
الشوبك والبتراء,2026-03-17,05:26,06:38,12:46,16:12,18:55,20:07
الشوبك والبتراء,2026-03-18,05:25,06:37,12:46,16:13,18:55,20:08
الشوبك والبتراء,2026-03-19,05:23,06:36,12:46,16:13,18:56,20:09
الشوبك والبتراء,2026-03-20,05:22,06:35,12:45,16:13,18:57,20:09
الشوبك والبتراء,2026-03-21,05:21,06:34,12:45,16:13,18:57,20:10
الشوبك والبتراء,2026-03-22,05:20,06:32,12:45,16:13,18:58,20:11
الشوبك والبتراء,2026-03-23,05:18,06:31,12:45,16:13,18:59,20:12
الشوبك والبتراء,2026-03-24,05:17,06:30,12:44,16:13,18:59,20:12
الشوبك والبتراء,2026-03-25,05:16,06:29,12:44,16:13,19:00,20:13
الشوبك والبتراء,2026-03-26,05:14,06:27,12:44,16:14,19:00,20:14
الشوبك والبتراء,2026-03-27,05:13,06:26,12:43,16:14,19:01,20:14
الشوبك والبتراء,2026-03-28,05:12,06:25,12:43,16:14,19:02,20:15
الشوبك والبتراء,2026-03-29,05:10,06:24,12:43,16:14,19:02,20:16
الشوبك والبتراء,2026-03-30,05:09,06:23,12:42,16:14,19:03,20:17
الشوبك والبتراء,2026-03-31,05:08,06:21,12:42,16:14,19:04,20:17
الشوبك والبتراء,2026-04-01,05:06,06:20,12:42,16:14,19:04,20:18
الشوبك والبتراء,2026-04-02,05:05,06:19,12:42,16:14,19:05,20:19
الشوبك والبتراء,2026-04-03,05:04,06:18,12:41,16:14,19:05,20:20
الشوبك والبتراء,2026-04-04,05:02,06:16,12:41,16:14,19:06,20:20
الشوبك والبتراء,2026-04-05,05:01,06:15,12:41,16:14,19:07,20:21
الشوبك والبتراء,2026-04-06,05:00,06:14,12:40,16:14,19:07,20:22
الشوبك والبتراء,2026-04-07,04:58,06:13,12:40,16:14,19:08,20:23
الشوبك والبتراء,2026-04-08,04:57,06:12,12:40,16:14,19:09,20:24
الشوبك والبتراء,2026-04-09,04:56,06:10,12:40,16:14,19:09,20:24
الشوبك والبتراء,2026-04-10,04:54,06:09,12:39,16:14,19:10,20:25
الشوبك والبتراء,2026-04-11,04:53,06:08,12:39,16:14,19:11,20:26
الشوبك والبتراء,2026-04-12,04:52,06:07,12:39,16:14,19:11,20:27
الشوبك والبتراء,2026-04-13,04:50,06:06,12:39,16:14,19:12,20:28
الشوبك والبتراء,2026-04-14,04:49,06:05,12:38,16:14,19:12,20:28
الشوبك والبتراء,2026-04-15,04:48,06:04,12:38,16:14,19:13,20:29
الشوبك والبتراء,2026-04-16,04:46,06:02,12:38,16:13,19:14,20:30
الشوبك والبتراء,2026-04-17,04:45,06:01,12:38,16:13,19:14,20:31
الشوبك والبتراء,2026-04-18,04:44,06:00,12:37,16:13,19:15,20:32
الشوبك والبتراء,2026-04-19,04:42,05:59,12:37,16:13,19:16,20:33
الشوبك والبتراء,2026-04-20,04:41,05:58,12:37,16:13,19:16,20:34
الشوبك والبتراء,2026-04-21,04:40,05:57,12:37,16:13,19:17,20:34
الشوبك والبتراء,2026-04-22,04:39,05:56,12:37,16:13,19:18,20:35
الشوبك والبتراء,2026-04-23,04:37,05:55,12:36,16:13,19:18,20:36
الشوبك والبتراء,2026-04-24,04:36,05:54,12:36,16:13,19:19,20:37
الشوبك والبتراء,2026-04-25,04:35,05:53,12:36,16:13,19:20,20:38
الشوبك والبتراء,2026-04-26,04:34,05:52,12:36,16:13,19:20,20:39
الشوبك والبتراء,2026-04-27,04:32,05:51,12:36,16:13,19:21,20:40
الشوبك والبتراء,2026-04-28,04:31,05:50,12:36,16:13,19:22,20:41
الشوبك والبتراء,2026-04-29,04:30,05:49,12:35,16:13,19:22,20:42
الشوبك والبتراء,2026-04-30,04:29,05:48,12:35,16:13,19:23,20:42
الشوبك والبتراء,2026-05-01,04:28,05:47,12:35,16:13,19:24,20:43
الشوبك والبتراء,2026-05-02,04:26,05:46,12:35,16:12,19:24,20:44
الشوبك والبتراء,2026-05-03,04:25,05:45,12:35,16:12,19:25,20:45
الشوبك والبتراء,2026-05-04,04:24,05:44,12:35,16:12,19:26,20:46
الشوبك والبتراء,2026-05-05,04:23,05:44,12:35,16:12,19:26,20:47
الشوبك والبتراء,2026-05-06,04:22,05:43,12:35,16:12,19:27,20:48
الشوبك والبتراء,2026-05-07,04:21,05:42,12:35,16:12,19:28,20:49
الشوبك والبتراء,2026-05-08,04:20,05:41,12:35,16:12,19:28,20:50
الشوبك والبتراء,2026-05-09,04:19,05:40,12:34,16:12,19:29,20:51
الشوبك والبتراء,2026-05-10,04:18,05:40,12:34,16:12,19:30,20:52
الشوبك والبتراء,2026-05-11,04:17,05:39,12:34,16:12,19:30,20:53
الشوبك والبتراء,2026-05-12,04:16,05:38,12:34,16:12,19:31,20:54
الشوبك والبتراء,2026-05-13,04:15,05:37,12:34,16:12,19:32,20:55
الشوبك والبتراء,2026-05-14,04:14,05:37,12:34,16:12,19:32,20:55
الشوبك والبتراء,2026-05-15,04:13,05:36,12:34,16:12,19:33,20:56
الشوبك والبتراء,2026-05-16,04:12,05:35,12:34,16:12,19:34,20:57
الشوبك والبتراء,2026-05-17,04:11,05:35,12:34,16:12,19:34,20:58
الشوبك والبتراء,2026-05-18,04:10,05:34,12:34,16:12,19:35,20:59
الشوبك والبتراء,2026-05-19,04:10,05:34,12:35,16:12,19:36,21:00
الشوبك والبتراء,2026-05-20,04:09,05:33,12:35,16:12,19:36,21:01
الشوبك والبتراء,2026-05-21,04:08,05:33,12:35,16:12,19:37,21:02
الشوبك والبتراء,2026-05-22,04:07,05:32,12:35,16:12,19:38,21:03
الشوبك والبتراء,2026-05-23,04:07,05:32,12:35,16:12,19:38,21:04
الشوبك والبتراء,2026-05-24,04:06,05:31,12:35,16:12,19:39,21:04
الشوبك والبتراء,2026-05-25,04:05,05:31,12:35,16:12,19:40,21:05
الشوبك والبتراء,2026-05-26,04:05,05:30,12:35,16:12,19:40,21:06
الشوبك والبتراء,2026-05-27,04:04,05:30,12:35,16:12,19:41,21:07
الشوبك والبتراء,2026-05-28,04:03,05:30,12:35,16:13,19:41,21:08
الشوبك والبتراء,2026-05-29,04:03,05:29,12:35,16:13,19:42,21:08
الشوبك والبتراء,2026-05-30,04:02,05:29,12:36,16:13,19:43,21:09
الشوبك والبتراء,2026-05-31,04:02,05:29,12:36,16:13,19:43,21:10
الشوبك والبتراء,2026-06-01,04:01,05:28,12:36,16:13,19:44,21:11
الشوبك والبتراء,2026-06-02,04:01,05:28,12:36,16:13,19:44,21:11
الشوبك والبتراء,2026-06-03,04:01,05:28,12:36,16:13,19:45,21:12
الشوبك والبتراء,2026-06-04,04:00,05:28,12:36,16:13,19:45,21:13
الشوبك والبتراء,2026-06-05,04:00,05:28,12:37,16:13,19:46,21:13
الشوبك والبتراء,2026-06-06,04:00,05:27,12:37,16:14,19:46,21:14
الشوبك والبتراء,2026-06-07,03:59,05:27,12:37,16:14,19:47,21:15
الشوبك والبتراء,2026-06-08,03:59,05:27,12:37,16:14,19:47,21:15
الشوبك والبتراء,2026-06-09,03:59,05:27,12:37,16:14,19:48,21:16
الشوبك والبتراء,2026-06-10,03:59,05:27,12:37,16:14,19:48,21:16
الشوبك والبتراء,2026-06-11,03:59,05:27,12:38,16:14,19:48,21:17
الشوبك والبتراء,2026-06-12,03:59,05:27,12:38,16:15,19:49,21:17
الشوبك والبتراء,2026-06-13,03:58,05:27,12:38,16:15,19:49,21:18
الشوبك والبتراء,2026-06-14,03:58,05:27,12:38,16:15,19:50,21:18
الشوبك والبتراء,2026-06-15,03:58,05:27,12:39,16:15,19:50,21:19
الشوبك والبتراء,2026-06-16,03:59,05:27,12:39,16:15,19:50,21:19
الشوبك والبتراء,2026-06-17,03:59,05:27,12:39,16:15,19:51,21:19
الشوبك والبتراء,2026-06-18,03:59,05:28,12:39,16:16,19:51,21:20
الشوبك والبتراء,2026-06-19,03:59,05:28,12:39,16:16,19:51,21:20
الشوبك والبتراء,2026-06-20,03:59,05:28,12:40,16:16,19:51,21:20
الشوبك والبتراء,2026-06-21,03:59,05:28,12:40,16:16,19:52,21:21
الشوبك والبتراء,2026-06-22,03:59,05:28,12:40,16:17,19:52,21:21
الشوبك والبتراء,2026-06-23,04:00,05:29,12:40,16:17,19:52,21:21
الشوبك والبتراء,2026-06-24,04:00,05:29,12:40,16:17,19:52,21:21
الشوبك والبتراء,2026-06-25,04:00,05:29,12:41,16:17,19:52,21:21
الشوبك والبتراء,2026-06-26,04:01,05:29,12:41,16:17,19:52,21:21
الشوبك والبتراء,2026-06-27,04:01,05:30,12:41,16:18,19:52,21:21
الشوبك والبتراء,2026-06-28,04:01,05:30,12:41,16:18,19:52,21:21
الشوبك والبتراء,2026-06-29,04:02,05:30,12:42,16:18,19:53,21:21
الشوبك والبتراء,2026-06-30,04:02,05:31,12:42,16:18,19:53,21:21
الشوبك والبتراء,2026-07-01,04:03,05:31,12:42,16:19,19:53,21:21
الشوبك والبتراء,2026-07-02,04:03,05:32,12:42,16:19,19:52,21:21
الشوبك والبتراء,2026-07-03,04:04,05:32,12:42,16:19,19:52,21:21
الشوبك والبتراء,2026-07-04,04:04,05:32,12:42,16:19,19:52,21:20
الشوبك والبتراء,2026-07-05,04:05,05:33,12:43,16:19,19:52,21:20
الشوبك والبتراء,2026-07-06,04:05,05:33,12:43,16:20,19:52,21:20
الشوبك والبتراء,2026-07-07,04:06,05:34,12:43,16:20,19:52,21:20
الشوبك والبتراء,2026-07-08,04:07,05:34,12:43,16:20,19:52,21:19
الشوبك والبتراء,2026-07-09,04:07,05:35,12:43,16:20,19:52,21:19
الشوبك والبتراء,2026-07-10,04:08,05:35,12:43,16:20,19:51,21:18
الشوبك والبتراء,2026-07-11,04:09,05:36,12:44,16:21,19:51,21:18
الشوبك والبتراء,2026-07-12,04:09,05:36,12:44,16:21,19:51,21:18
الشوبك والبتراء,2026-07-13,04:10,05:37,12:44,16:21,19:50,21:17
الشوبك والبتراء,2026-07-14,04:11,05:37,12:44,16:21,19:50,21:16
الشوبك والبتراء,2026-07-15,04:12,05:38,12:44,16:21,19:50,21:16
الشوبك والبتراء,2026-07-16,04:12,05:39,12:44,16:21,19:49,21:15
الشوبك والبتراء,2026-07-17,04:13,05:39,12:44,16:21,19:49,21:15
الشوبك والبتراء,2026-07-18,04:14,05:40,12:44,16:22,19:49,21:14
الشوبك والبتراء,2026-07-19,04:15,05:40,12:44,16:22,19:48,21:13
الشوبك والبتراء,2026-07-20,04:16,05:41,12:44,16:22,19:48,21:13
الشوبك والبتراء,2026-07-21,04:17,05:42,12:44,16:22,19:47,21:12
الشوبك والبتراء,2026-07-22,04:17,05:42,12:45,16:22,19:47,21:11
الشوبك والبتراء,2026-07-23,04:18,05:43,12:45,16:22,19:46,21:10
الشوبك والبتراء,2026-07-24,04:19,05:43,12:45,16:22,19:45,21:10
الشوبك والبتراء,2026-07-25,04:20,05:44,12:45,16:22,19:45,21:09
الشوبك والبتراء,2026-07-26,04:21,05:45,12:45,16:22,19:44,21:08
الشوبك والبتراء,2026-07-27,04:22,05:45,12:45,16:22,19:44,21:07
الشوبك والبتراء,2026-07-28,04:22,05:46,12:45,16:22,19:43,21:06
الشوبك والبتراء,2026-07-29,04:23,05:46,12:45,16:22,19:42,21:05
الشوبك والبتراء,2026-07-30,04:24,05:47,12:45,16:22,19:42,21:04
الشوبك والبتراء,2026-07-31,04:25,05:48,12:44,16:22,19:41,21:03
الشوبك والبتراء,2026-08-01,04:26,05:48,12:44,16:22,19:40,21:02
الشوبك والبتراء,2026-08-02,04:27,05:49,12:44,16:22,19:39,21:01
الشوبك والبتراء,2026-08-03,04:28,05:50,12:44,16:22,19:39,21:00
الشوبك والبتراء,2026-08-04,04:29,05:50,12:44,16:22,19:38,20:59
الشوبك والبتراء,2026-08-05,04:30,05:51,12:44,16:22,19:37,20:58
الشوبك والبتراء,2026-08-06,04:30,05:51,12:44,16:21,19:36,20:57
الشوبك والبتراء,2026-08-07,04:31,05:52,12:44,16:21,19:35,20:56
الشوبك والبتراء,2026-08-08,04:32,05:53,12:44,16:21,19:34,20:55
الشوبك والبتراء,2026-08-09,04:33,05:53,12:44,16:21,19:33,20:53
الشوبك والبتراء,2026-08-10,04:34,05:54,12:43,16:21,19:32,20:52
الشوبك والبتراء,2026-08-11,04:35,05:55,12:43,16:21,19:32,20:51
الشوبك والبتراء,2026-08-12,04:36,05:55,12:43,16:20,19:31,20:50
الشوبك والبتراء,2026-08-13,04:37,05:56,12:43,16:20,19:30,20:49
الشوبك والبتراء,2026-08-14,04:37,05:56,12:43,16:20,19:29,20:47
الشوبك والبتراء,2026-08-15,04:38,05:57,12:43,16:20,19:28,20:46
الشوبك والبتراء,2026-08-16,04:39,05:58,12:42,16:19,19:27,20:45
الشوبك والبتراء,2026-08-17,04:40,05:58,12:42,16:19,19:26,20:44
الشوبك والبتراء,2026-08-18,04:41,05:59,12:42,16:19,19:24,20:42
الشوبك والبتراء,2026-08-19,04:42,06:00,12:42,16:18,19:23,20:41
الشوبك والبتراء,2026-08-20,04:42,06:00,12:41,16:18,19:22,20:40
الشوبك والبتراء,2026-08-21,04:43,06:01,12:41,16:17,19:21,20:39
الشوبك والبتراء,2026-08-22,04:44,06:01,12:41,16:17,19:20,20:37
الشوبك والبتراء,2026-08-23,04:45,06:02,12:41,16:17,19:19,20:36
الشوبك والبتراء,2026-08-24,04:46,06:02,12:40,16:16,19:18,20:35
الشوبك والبتراء,2026-08-25,04:46,06:03,12:40,16:16,19:17,20:33
الشوبك والبتراء,2026-08-26,04:47,06:04,12:40,16:15,19:16,20:32
الشوبك والبتراء,2026-08-27,04:48,06:04,12:40,16:15,19:14,20:31
الشوبك والبتراء,2026-08-28,04:49,06:05,12:39,16:14,19:13,20:29
الشوبك والبتراء,2026-08-29,04:50,06:05,12:39,16:14,19:12,20:28
الشوبك والبتراء,2026-08-30,04:50,06:06,12:39,16:13,19:11,20:26
الشوبك والبتراء,2026-08-31,04:51,06:07,12:38,16:13,19:10,20:25
الشوبك والبتراء,2026-09-01,04:52,06:07,12:38,16:12,19:09,20:24
الشوبك والبتراء,2026-09-02,04:52,06:08,12:38,16:12,19:07,20:22
الشوبك والبتراء,2026-09-03,04:53,06:08,12:37,16:11,19:06,20:21
الشوبك والبتراء,2026-09-04,04:54,06:09,12:37,16:11,19:05,20:20
الشوبك والبتراء,2026-09-05,04:55,06:09,12:37,16:10,19:04,20:18
الشوبك والبتراء,2026-09-06,04:55,06:10,12:36,16:09,19:02,20:17
الشوبك والبتراء,2026-09-07,04:56,06:11,12:36,16:09,19:01,20:15
الشوبك والبتراء,2026-09-08,04:57,06:11,12:36,16:08,19:00,20:14
الشوبك والبتراء,2026-09-09,04:57,06:12,12:35,16:07,18:59,20:13
الشوبك والبتراء,2026-09-10,04:58,06:12,12:35,16:07,18:57,20:11
الشوبك والبتراء,2026-09-11,04:59,06:13,12:35,16:06,18:56,20:10
الشوبك والبتراء,2026-09-12,05:00,06:13,12:34,16:05,18:55,20:09
الشوبك والبتراء,2026-09-13,05:00,06:14,12:34,16:05,18:54,20:07
الشوبك والبتراء,2026-09-14,05:01,06:14,12:34,16:04,18:52,20:06
الشوبك والبتراء,2026-09-15,05:02,06:15,12:33,16:03,18:51,20:04
الشوبك والبتراء,2026-09-16,05:02,06:16,12:33,16:03,18:50,20:03
الشوبك والبتراء,2026-09-17,05:03,06:16,12:33,16:02,18:49,20:02
الشوبك والبتراء,2026-09-18,05:03,06:17,12:32,16:01,18:47,20:00
الشوبك والبتراء,2026-09-19,05:04,06:17,12:32,16:00,18:46,19:59
الشوبك والبتراء,2026-09-20,05:05,06:18,12:32,16:00,18:45,19:58
الشوبك والبتراء,2026-09-21,05:05,06:18,12:31,15:59,18:44,19:56
الشوبك والبتراء,2026-09-22,05:06,06:19,12:31,15:58,18:42,19:55
الشوبك والبتراء,2026-09-23,05:07,06:19,12:30,15:57,18:41,19:54
الشوبك والبتراء,2026-09-24,05:07,06:20,12:30,15:57,18:40,19:52
الشوبك والبتراء,2026-09-25,05:08,06:21,12:30,15:56,18:38,19:51
الشوبك والبتراء,2026-09-26,05:09,06:21,12:29,15:55,18:37,19:50
الشوبك والبتراء,2026-09-27,05:09,06:22,12:29,15:54,18:36,19:48
الشوبك والبتراء,2026-09-28,05:10,06:22,12:29,15:54,18:35,19:47
الشوبك والبتراء,2026-09-29,05:10,06:23,12:28,15:53,18:33,19:46
الشوبك والبتراء,2026-09-30,05:11,06:23,12:28,15:52,18:32,19:45
الشوبك والبتراء,2026-10-01,05:12,06:24,12:28,15:51,18:31,19:43
الشوبك والبتراء,2026-10-02,05:12,06:25,12:27,15:50,18:30,19:42
الشوبك والبتراء,2026-10-03,05:13,06:25,12:27,15:49,18:29,19:41
الشوبك والبتراء,2026-10-04,05:13,06:26,12:27,15:49,18:27,19:40
الشوبك والبتراء,2026-10-05,05:14,06:26,12:26,15:48,18:26,19:38
الشوبك والبتراء,2026-10-06,05:15,06:27,12:26,15:47,18:25,19:37
الشوبك والبتراء,2026-10-07,05:15,06:28,12:26,15:46,18:24,19:36
الشوبك والبتراء,2026-10-08,05:16,06:28,12:26,15:45,18:23,19:35
الشوبك والبتراء,2026-10-09,05:16,06:29,12:25,15:45,18:21,19:34
الشوبك والبتراء,2026-10-10,05:17,06:29,12:25,15:44,18:20,19:33
الشوبك والبتراء,2026-10-11,05:18,06:30,12:25,15:43,18:19,19:31
الشوبك والبتراء,2026-10-12,05:18,06:31,12:25,15:42,18:18,19:30
الشوبك والبتراء,2026-10-13,05:19,06:31,12:24,15:41,18:17,19:29
الشوبك والبتراء,2026-10-14,05:19,06:32,12:24,15:41,18:16,19:28
الشوبك والبتراء,2026-10-15,05:20,06:33,12:24,15:40,18:15,19:27
الشوبك والبتراء,2026-10-16,05:21,06:33,12:24,15:39,18:14,19:26
الشوبك والبتراء,2026-10-17,05:21,06:34,12:23,15:38,18:12,19:25
الشوبك والبتراء,2026-10-18,05:22,06:35,12:23,15:38,18:11,19:24
الشوبك والبتراء,2026-10-19,05:23,06:35,12:23,15:37,18:10,19:23
الشوبك والبتراء,2026-10-20,05:23,06:36,12:23,15:36,18:09,19:22
الشوبك والبتراء,2026-10-21,05:24,06:37,12:23,15:35,18:08,19:21
الشوبك والبتراء,2026-10-22,05:24,06:37,12:23,15:35,18:07,19:20
الشوبك والبتراء,2026-10-23,05:25,06:38,12:22,15:34,18:06,19:19
الشوبك والبتراء,2026-10-24,05:26,06:39,12:22,15:33,18:05,19:18
الشوبك والبتراء,2026-10-25,05:26,06:39,12:22,15:32,18:04,19:17
الشوبك والبتراء,2026-10-26,05:27,06:40,12:22,15:32,18:03,19:17
الشوبك والبتراء,2026-10-27,05:28,06:41,12:22,15:31,18:03,19:16
الشوبك والبتراء,2026-10-28,05:28,06:42,12:22,15:30,18:02,19:15
الشوبك والبتراء,2026-10-29,05:29,06:42,12:22,15:30,18:01,19:14
الشوبك والبتراء,2026-10-30,05:30,06:43,12:22,15:29,18:00,19:13
الشوبك والبتراء,2026-10-31,05:30,06:44,12:22,15:28,17:59,19:13
الشوبك والبتراء,2026-11-01,05:31,06:45,12:22,15:28,17:58,19:12
الشوبك والبتراء,2026-11-02,05:32,06:45,12:22,15:27,17:57,19:11
الشوبك والبتراء,2026-11-03,05:32,06:46,12:22,15:27,17:57,19:11
الشوبك والبتراء,2026-11-04,05:33,06:47,12:22,15:26,17:56,19:10
الشوبك والبتراء,2026-11-05,05:34,06:48,12:22,15:25,17:55,19:09
الشوبك والبتراء,2026-11-06,05:34,06:48,12:22,15:25,17:54,19:09
الشوبك والبتراء,2026-11-07,05:35,06:49,12:22,15:24,17:54,19:08
الشوبك والبتراء,2026-11-08,05:36,06:50,12:22,15:24,17:53,19:07
الشوبك والبتراء,2026-11-09,05:36,06:51,12:22,15:23,17:53,19:07
الشوبك والبتراء,2026-11-10,05:37,06:52,12:22,15:23,17:52,19:06
الشوبك والبتراء,2026-11-11,05:38,06:52,12:22,15:22,17:51,19:06
الشوبك والبتراء,2026-11-12,05:39,06:53,12:22,15:22,17:51,19:05
الشوبك والبتراء,2026-11-13,05:39,06:54,12:22,15:22,17:50,19:05
الشوبك والبتراء,2026-11-14,05:40,06:55,12:22,15:21,17:50,19:05
الشوبك والبتراء,2026-11-15,05:41,06:56,12:23,15:21,17:49,19:04
الشوبك والبتراء,2026-11-16,05:41,06:57,12:23,15:20,17:49,19:04
الشوبك والبتراء,2026-11-17,05:42,06:57,12:23,15:20,17:48,19:04
الشوبك والبتراء,2026-11-18,05:43,06:58,12:23,15:20,17:48,19:03
الشوبك والبتراء,2026-11-19,05:44,06:59,12:23,15:20,17:47,19:03
الشوبك والبتراء,2026-11-20,05:44,07:00,12:24,15:19,17:47,19:03
الشوبك والبتراء,2026-11-21,05:45,07:01,12:24,15:19,17:47,19:03
الشوبك والبتراء,2026-11-22,05:46,07:02,12:24,15:19,17:46,19:02
الشوبك والبتراء,2026-11-23,05:46,07:02,12:24,15:19,17:46,19:02
الشوبك والبتراء,2026-11-24,05:47,07:03,12:25,15:18,17:46,19:02
الشوبك والبتراء,2026-11-25,05:48,07:04,12:25,15:18,17:46,19:02
الشوبك والبتراء,2026-11-26,05:49,07:05,12:25,15:18,17:46,19:02
الشوبك والبتراء,2026-11-27,05:49,07:06,12:26,15:18,17:45,19:02
الشوبك والبتراء,2026-11-28,05:50,07:06,12:26,15:18,17:45,19:02
الشوبك والبتراء,2026-11-29,05:51,07:07,12:26,15:18,17:45,19:02
الشوبك والبتراء,2026-11-30,05:51,07:08,12:27,15:18,17:45,19:02
الشوبك والبتراء,2026-12-01,05:52,07:09,12:27,15:18,17:45,19:02
الشوبك والبتراء,2026-12-02,05:53,07:10,12:27,15:18,17:45,19:02
الشوبك والبتراء,2026-12-03,05:53,07:10,12:28,15:18,17:45,19:02
الشوبك والبتراء,2026-12-04,05:54,07:11,12:28,15:18,17:45,19:02
الشوبك والبتراء,2026-12-05,05:55,07:12,12:29,15:18,17:45,19:02
الشوبك والبتراء,2026-12-06,05:56,07:13,12:29,15:18,17:45,19:02
الشوبك والبتراء,2026-12-07,05:56,07:13,12:29,15:19,17:45,19:03
الشوبك والبتراء,2026-12-08,05:57,07:14,12:30,15:19,17:45,19:03
الشوبك والبتراء,2026-12-09,05:58,07:15,12:30,15:19,17:46,19:03
الشوبك والبتراء,2026-12-10,05:58,07:16,12:31,15:19,17:46,19:03
الشوبك والبتراء,2026-12-11,05:59,07:16,12:31,15:20,17:46,19:04
الشوبك والبتراء,2026-12-12,05:59,07:17,12:32,15:20,17:46,19:04
الشوبك والبتراء,2026-12-13,06:00,07:18,12:32,15:20,17:47,19:04
الشوبك والبتراء,2026-12-14,06:01,07:18,12:33,15:20,17:47,19:05
الشوبك والبتراء,2026-12-15,06:01,07:19,12:33,15:21,17:47,19:05
الشوبك والبتراء,2026-12-16,06:02,07:19,12:34,15:21,17:48,19:05
الشوبك والبتراء,2026-12-17,06:02,07:20,12:34,15:22,17:48,19:06
الشوبك والبتراء,2026-12-18,06:03,07:21,12:35,15:22,17:48,19:06
الشوبك والبتراء,2026-12-19,06:04,07:21,12:35,15:22,17:49,19:07
الشوبك والبتراء,2026-12-20,06:04,07:22,12:36,15:23,17:49,19:07
الشوبك والبتراء,2026-12-21,06:05,07:22,12:36,15:23,17:50,19:07
الشوبك والبتراء,2026-12-22,06:05,07:23,12:37,15:24,17:50,19:08
الشوبك والبتراء,2026-12-23,06:06,07:23,12:37,15:24,17:51,19:09
الشوبك والبتراء,2026-12-24,06:06,07:24,12:38,15:25,17:51,19:09
الشوبك والبتراء,2026-12-25,06:07,07:24,12:38,15:25,17:52,19:10
الشوبك والبتراء,2026-12-26,06:07,07:25,12:39,15:26,17:53,19:10
الشوبك والبتراء,2026-12-27,06:07,07:25,12:39,15:27,17:53,19:11
الشوبك والبتراء,2026-12-28,06:08,07:25,12:40,15:27,17:54,19:11
الشوبك والبتراء,2026-12-29,06:08,07:26,12:40,15:28,17:54,19:12
الشوبك والبتراء,2026-12-30,06:08,07:26,12:40,15:29,17:55,19:13
الشوبك والبتراء,2026-12-31,06:09,07:26,12:41,15:29,17:56,19:13
الطفيلة,2026-03-12,05:31,06:44,12:47,16:11,18:51,20:04
الطفيلة,2026-03-13,05:30,06:43,12:47,16:11,18:51,20:04
الطفيلة,2026-03-14,05:29,06:42,12:47,16:11,18:52,20:05
الطفيلة,2026-03-15,05:28,06:41,12:46,16:12,18:53,20:06
الطفيلة,2026-03-16,05:26,06:39,12:46,16:12,18:53,20:07
الطفيلة,2026-03-17,05:25,06:38,12:46,16:12,18:54,20:07
الطفيلة,2026-03-18,05:24,06:37,12:46,16:12,18:55,20:08
الطفيلة,2026-03-19,05:22,06:36,12:45,16:12,18:55,20:09
الطفيلة,2026-03-20,05:21,06:34,12:45,16:13,18:56,20:09
الطفيلة,2026-03-21,05:20,06:33,12:45,16:13,18:57,20:10
الطفيلة,2026-03-22,05:18,06:32,12:44,16:13,18:57,20:11
الطفيلة,2026-03-23,05:17,06:31,12:44,16:13,18:58,20:12
الطفيلة,2026-03-24,05:16,06:29,12:44,16:13,18:59,20:12
الطفيلة,2026-03-25,05:15,06:28,12:44,16:13,18:59,20:13
الطفيلة,2026-03-26,05:13,06:27,12:43,16:13,19:00,20:14
الطفيلة,2026-03-27,05:12,06:26,12:43,16:13,19:01,20:15
الطفيلة,2026-03-28,05:10,06:24,12:43,16:13,19:01,20:15
الطفيلة,2026-03-29,05:09,06:23,12:42,16:13,19:02,20:16
الطفيلة,2026-03-30,05:08,06:22,12:42,16:13,19:02,20:17
الطفيلة,2026-03-31,05:06,06:21,12:42,16:14,19:03,20:18
الطفيلة,2026-04-01,05:05,06:20,12:41,16:14,19:04,20:18
الطفيلة,2026-04-02,05:04,06:18,12:41,16:14,19:04,20:19
الطفيلة,2026-04-03,05:02,06:17,12:41,16:14,19:05,20:20
الطفيلة,2026-04-04,05:01,06:16,12:41,16:14,19:06,20:21
الطفيلة,2026-04-05,05:00,06:15,12:40,16:14,19:06,20:21
الطفيلة,2026-04-06,04:58,06:13,12:40,16:14,19:07,20:22
الطفيلة,2026-04-07,04:57,06:12,12:40,16:14,19:08,20:23
الطفيلة,2026-04-08,04:56,06:11,12:39,16:14,19:08,20:24
الطفيلة,2026-04-09,04:54,06:10,12:39,16:14,19:09,20:25
الطفيلة,2026-04-10,04:53,06:09,12:39,16:14,19:09,20:25
الطفيلة,2026-04-11,04:51,06:07,12:39,16:14,19:10,20:26
الطفيلة,2026-04-12,04:50,06:06,12:38,16:14,19:11,20:27
الطفيلة,2026-04-13,04:49,06:05,12:38,16:14,19:11,20:28
الطفيلة,2026-04-14,04:47,06:04,12:38,16:14,19:12,20:29
الطفيلة,2026-04-15,04:46,06:03,12:38,16:14,19:13,20:30
الطفيلة,2026-04-16,04:45,06:02,12:37,16:13,19:13,20:31
الطفيلة,2026-04-17,04:43,06:01,12:37,16:13,19:14,20:31
الطفيلة,2026-04-18,04:42,05:59,12:37,16:13,19:15,20:32
الطفيلة,2026-04-19,04:41,05:58,12:37,16:13,19:15,20:33
الطفيلة,2026-04-20,04:39,05:57,12:37,16:13,19:16,20:34
الطفيلة,2026-04-21,04:38,05:56,12:36,16:13,19:17,20:35
الطفيلة,2026-04-22,04:37,05:55,12:36,16:13,19:17,20:36
الطفيلة,2026-04-23,04:36,05:54,12:36,16:13,19:18,20:37
الطفيلة,2026-04-24,04:34,05:53,12:36,16:13,19:19,20:38
الطفيلة,2026-04-25,04:33,05:52,12:36,16:13,19:19,20:39
الطفيلة,2026-04-26,04:32,05:51,12:35,16:13,19:20,20:39
الطفيلة,2026-04-27,04:31,05:50,12:35,16:13,19:21,20:40
الطفيلة,2026-04-28,04:29,05:49,12:35,16:13,19:22,20:41
الطفيلة,2026-04-29,04:28,05:48,12:35,16:13,19:22,20:42
الطفيلة,2026-04-30,04:27,05:47,12:35,16:13,19:23,20:43
الطفيلة,2026-05-01,04:26,05:46,12:35,16:13,19:24,20:44
الطفيلة,2026-05-02,04:25,05:45,12:35,16:13,19:24,20:45
الطفيلة,2026-05-03,04:23,05:44,12:34,16:13,19:25,20:46
الطفيلة,2026-05-04,04:22,05:43,12:34,16:13,19:26,20:47
الطفيلة,2026-05-05,04:21,05:42,12:34,16:13,19:26,20:48
الطفيلة,2026-05-06,04:20,05:42,12:34,16:13,19:27,20:49
الطفيلة,2026-05-07,04:19,05:41,12:34,16:13,19:28,20:50
الطفيلة,2026-05-08,04:18,05:40,12:34,16:13,19:28,20:51
الطفيلة,2026-05-09,04:17,05:39,12:34,16:12,19:29,20:52
الطفيلة,2026-05-10,04:16,05:38,12:34,16:12,19:30,20:53
الطفيلة,2026-05-11,04:15,05:38,12:34,16:12,19:30,20:54
الطفيلة,2026-05-12,04:14,05:37,12:34,16:12,19:31,20:55
الطفيلة,2026-05-13,04:13,05:36,12:34,16:12,19:32,20:56
الطفيلة,2026-05-14,04:12,05:36,12:34,16:12,19:33,20:56
الطفيلة,2026-05-15,04:11,05:35,12:34,16:12,19:33,20:57
الطفيلة,2026-05-16,04:10,05:34,12:34,16:12,19:34,20:58
الطفيلة,2026-05-17,04:09,05:34,12:34,16:12,19:35,20:59
الطفيلة,2026-05-18,04:08,05:33,12:34,16:13,19:35,21:00
الطفيلة,2026-05-19,04:07,05:32,12:34,16:13,19:36,21:01
الطفيلة,2026-05-20,04:07,05:32,12:34,16:13,19:37,21:02
الطفيلة,2026-05-21,04:06,05:31,12:34,16:13,19:37,21:03
الطفيلة,2026-05-22,04:05,05:31,12:34,16:13,19:38,21:04
الطفيلة,2026-05-23,04:04,05:30,12:34,16:13,19:38,21:05
الطفيلة,2026-05-24,04:04,05:30,12:34,16:13,19:39,21:06
الطفيلة,2026-05-25,04:03,05:29,12:35,16:13,19:40,21:06
الطفيلة,2026-05-26,04:02,05:29,12:35,16:13,19:40,21:07
الطفيلة,2026-05-27,04:02,05:29,12:35,16:13,19:41,21:08
الطفيلة,2026-05-28,04:01,05:28,12:35,16:13,19:42,21:09
الطفيلة,2026-05-29,04:01,05:28,12:35,16:13,19:42,21:10
الطفيلة,2026-05-30,04:00,05:28,12:35,16:13,19:43,21:10
الطفيلة,2026-05-31,04:00,05:27,12:35,16:13,19:43,21:11
الطفيلة,2026-06-01,03:59,05:27,12:35,16:13,19:44,21:12
الطفيلة,2026-06-02,03:59,05:27,12:36,16:14,19:44,21:13
الطفيلة,2026-06-03,03:58,05:27,12:36,16:14,19:45,21:13
الطفيلة,2026-06-04,03:58,05:26,12:36,16:14,19:45,21:14
الطفيلة,2026-06-05,03:58,05:26,12:36,16:14,19:46,21:15
الطفيلة,2026-06-06,03:57,05:26,12:36,16:14,19:46,21:15
الطفيلة,2026-06-07,03:57,05:26,12:36,16:14,19:47,21:16
الطفيلة,2026-06-08,03:57,05:26,12:37,16:14,19:47,21:17
الطفيلة,2026-06-09,03:57,05:26,12:37,16:15,19:48,21:17
الطفيلة,2026-06-10,03:56,05:26,12:37,16:15,19:48,21:18
الطفيلة,2026-06-11,03:56,05:26,12:37,16:15,19:49,21:18
الطفيلة,2026-06-12,03:56,05:26,12:37,16:15,19:49,21:19
الطفيلة,2026-06-13,03:56,05:26,12:38,16:15,19:49,21:19
الطفيلة,2026-06-14,03:56,05:26,12:38,16:16,19:50,21:20
الطفيلة,2026-06-15,03:56,05:26,12:38,16:16,19:50,21:20
الطفيلة,2026-06-16,03:56,05:26,12:38,16:16,19:51,21:20
الطفيلة,2026-06-17,03:56,05:26,12:39,16:16,19:51,21:21
الطفيلة,2026-06-18,03:56,05:26,12:39,16:16,19:51,21:21
الطفيلة,2026-06-19,03:56,05:26,12:39,16:17,19:51,21:21
الطفيلة,2026-06-20,03:56,05:27,12:39,16:17,19:52,21:22
الطفيلة,2026-06-21,03:57,05:27,12:39,16:17,19:52,21:22
الطفيلة,2026-06-22,03:57,05:27,12:40,16:17,19:52,21:22
الطفيلة,2026-06-23,03:57,05:27,12:40,16:17,19:52,21:22
الطفيلة,2026-06-24,03:57,05:27,12:40,16:18,19:52,21:22
الطفيلة,2026-06-25,03:58,05:28,12:40,16:18,19:53,21:22
الطفيلة,2026-06-26,03:58,05:28,12:40,16:18,19:53,21:22
الطفيلة,2026-06-27,03:58,05:28,12:41,16:18,19:53,21:23
الطفيلة,2026-06-28,03:59,05:29,12:41,16:18,19:53,21:22
الطفيلة,2026-06-29,03:59,05:29,12:41,16:19,19:53,21:22
الطفيلة,2026-06-30,04:00,05:29,12:41,16:19,19:53,21:22
الطفيلة,2026-07-01,04:00,05:30,12:41,16:19,19:53,21:22
الطفيلة,2026-07-02,04:01,05:30,12:42,16:19,19:53,21:22
الطفيلة,2026-07-03,04:01,05:31,12:42,16:20,19:53,21:22
الطفيلة,2026-07-04,04:02,05:31,12:42,16:20,19:53,21:22
الطفيلة,2026-07-05,04:02,05:32,12:42,16:20,19:52,21:21
الطفيلة,2026-07-06,04:03,05:32,12:42,16:20,19:52,21:21
الطفيلة,2026-07-07,04:04,05:32,12:43,16:20,19:52,21:21
الطفيلة,2026-07-08,04:04,05:33,12:43,16:21,19:52,21:20
الطفيلة,2026-07-09,04:05,05:33,12:43,16:21,19:52,21:20
الطفيلة,2026-07-10,04:06,05:34,12:43,16:21,19:52,21:20
الطفيلة,2026-07-11,04:06,05:35,12:43,16:21,19:51,21:19
الطفيلة,2026-07-12,04:07,05:35,12:43,16:21,19:51,21:19
الطفيلة,2026-07-13,04:08,05:36,12:43,16:21,19:51,21:18
الطفيلة,2026-07-14,04:09,05:36,12:43,16:22,19:50,21:18
الطفيلة,2026-07-15,04:09,05:37,12:44,16:22,19:50,21:17
الطفيلة,2026-07-16,04:10,05:37,12:44,16:22,19:50,21:17
الطفيلة,2026-07-17,04:11,05:38,12:44,16:22,19:49,21:16
الطفيلة,2026-07-18,04:12,05:38,12:44,16:22,19:49,21:15
الطفيلة,2026-07-19,04:13,05:39,12:44,16:22,19:48,21:15
الطفيلة,2026-07-20,04:13,05:40,12:44,16:22,19:48,21:14
الطفيلة,2026-07-21,04:14,05:40,12:44,16:22,19:47,21:13
الطفيلة,2026-07-22,04:15,05:41,12:44,16:22,19:47,21:12
الطفيلة,2026-07-23,04:16,05:41,12:44,16:22,19:46,21:11
الطفيلة,2026-07-24,04:17,05:42,12:44,16:22,19:46,21:11
الطفيلة,2026-07-25,04:18,05:43,12:44,16:23,19:45,21:10
الطفيلة,2026-07-26,04:19,05:43,12:44,16:23,19:44,21:09
الطفيلة,2026-07-27,04:20,05:44,12:44,16:23,19:44,21:08
الطفيلة,2026-07-28,04:20,05:45,12:44,16:23,19:43,21:07
الطفيلة,2026-07-29,04:21,05:45,12:44,16:22,19:42,21:06
الطفيلة,2026-07-30,04:22,05:46,12:44,16:22,19:42,21:05
الطفيلة,2026-07-31,04:23,05:47,12:44,16:22,19:41,21:04
الطفيلة,2026-08-01,04:24,05:47,12:44,16:22,19:40,21:03
الطفيلة,2026-08-02,04:25,05:48,12:44,16:22,19:39,21:02
الطفيلة,2026-08-03,04:26,05:48,12:44,16:22,19:39,21:01
الطفيلة,2026-08-04,04:27,05:49,12:44,16:22,19:38,21:00
الطفيلة,2026-08-05,04:28,05:50,12:44,16:22,19:37,20:59
الطفيلة,2026-08-06,04:28,05:50,12:44,16:22,19:36,20:58
الطفيلة,2026-08-07,04:29,05:51,12:43,16:22,19:35,20:57
الطفيلة,2026-08-08,04:30,05:52,12:43,16:21,19:34,20:55
الطفيلة,2026-08-09,04:31,05:52,12:43,16:21,19:33,20:54
الطفيلة,2026-08-10,04:32,05:53,12:43,16:21,19:32,20:53
الطفيلة,2026-08-11,04:33,05:54,12:43,16:21,19:31,20:52
الطفيلة,2026-08-12,04:34,05:54,12:43,16:20,19:30,20:51
الطفيلة,2026-08-13,04:35,05:55,12:42,16:20,19:29,20:49
الطفيلة,2026-08-14,04:36,05:55,12:42,16:20,19:28,20:48
الطفيلة,2026-08-15,04:36,05:56,12:42,16:20,19:27,20:47
الطفيلة,2026-08-16,04:37,05:57,12:42,16:19,19:26,20:46
الطفيلة,2026-08-17,04:38,05:57,12:42,16:19,19:25,20:44
الطفيلة,2026-08-18,04:39,05:58,12:41,16:19,19:24,20:43
الطفيلة,2026-08-19,04:40,05:59,12:41,16:18,19:23,20:42
الطفيلة,2026-08-20,04:41,05:59,12:41,16:18,19:22,20:40
الطفيلة,2026-08-21,04:42,06:00,12:41,16:18,19:21,20:39
الطفيلة,2026-08-22,04:42,06:00,12:41,16:17,19:20,20:38
الطفيلة,2026-08-23,04:43,06:01,12:40,16:17,19:19,20:36
الطفيلة,2026-08-24,04:44,06:02,12:40,16:16,19:18,20:35
الطفيلة,2026-08-25,04:45,06:02,12:40,16:16,19:16,20:34
الطفيلة,2026-08-26,04:46,06:03,12:39,16:15,19:15,20:32
الطفيلة,2026-08-27,04:46,06:03,12:39,16:15,19:14,20:31
الطفيلة,2026-08-28,04:47,06:04,12:39,16:14,19:13,20:30
الطفيلة,2026-08-29,04:48,06:05,12:39,16:14,19:12,20:28
الطفيلة,2026-08-30,04:49,06:05,12:38,16:13,19:11,20:27
الطفيلة,2026-08-31,04:50,06:06,12:38,16:13,19:09,20:25
الطفيلة,2026-09-01,04:50,06:06,12:38,16:12,19:08,20:24
الطفيلة,2026-09-02,04:51,06:07,12:37,16:12,19:07,20:23
الطفيلة,2026-09-03,04:52,06:08,12:37,16:11,19:06,20:21
الطفيلة,2026-09-04,04:53,06:08,12:37,16:10,19:04,20:20
الطفيلة,2026-09-05,04:53,06:09,12:36,16:10,19:03,20:18
الطفيلة,2026-09-06,04:54,06:09,12:36,16:09,19:02,20:17
الطفيلة,2026-09-07,04:55,06:10,12:36,16:09,19:01,20:16
الطفيلة,2026-09-08,04:55,06:10,12:35,16:08,18:59,20:14
الطفيلة,2026-09-09,04:56,06:11,12:35,16:07,18:58,20:13
الطفيلة,2026-09-10,04:57,06:12,12:35,16:07,18:57,20:11
الطفيلة,2026-09-11,04:58,06:12,12:34,16:06,18:56,20:10
الطفيلة,2026-09-12,04:58,06:13,12:34,16:05,18:54,20:09
الطفيلة,2026-09-13,04:59,06:13,12:34,16:05,18:53,20:07
الطفيلة,2026-09-14,05:00,06:14,12:33,16:04,18:52,20:06
الطفيلة,2026-09-15,05:00,06:14,12:33,16:03,18:51,20:04
الطفيلة,2026-09-16,05:01,06:15,12:32,16:02,18:49,20:03
الطفيلة,2026-09-17,05:02,06:16,12:32,16:02,18:48,20:02
الطفيلة,2026-09-18,05:02,06:16,12:32,16:01,18:47,20:00
الطفيلة,2026-09-19,05:03,06:17,12:31,16:00,18:45,19:59
الطفيلة,2026-09-20,05:04,06:17,12:31,15:59,18:44,19:58
الطفيلة,2026-09-21,05:04,06:18,12:31,15:59,18:43,19:56
الطفيلة,2026-09-22,05:05,06:18,12:30,15:58,18:42,19:55
الطفيلة,2026-09-23,05:06,06:19,12:30,15:57,18:40,19:54
الطفيلة,2026-09-24,05:06,06:20,12:30,15:56,18:39,19:52
الطفيلة,2026-09-25,05:07,06:20,12:29,15:55,18:38,19:51
الطفيلة,2026-09-26,05:08,06:21,12:29,15:55,18:36,19:50
الطفيلة,2026-09-27,05:08,06:21,12:29,15:54,18:35,19:48
الطفيلة,2026-09-28,05:09,06:22,12:28,15:53,18:34,19:47
الطفيلة,2026-09-29,05:09,06:23,12:28,15:52,18:33,19:46
الطفيلة,2026-09-30,05:10,06:23,12:28,15:51,18:31,19:44
الطفيلة,2026-10-01,05:11,06:24,12:27,15:51,18:30,19:43
الطفيلة,2026-10-02,05:11,06:24,12:27,15:50,18:29,19:42
الطفيلة,2026-10-03,05:12,06:25,12:27,15:49,18:28,19:41
الطفيلة,2026-10-04,05:13,06:26,12:26,15:48,18:26,19:39
الطفيلة,2026-10-05,05:13,06:26,12:26,15:47,18:25,19:38
الطفيلة,2026-10-06,05:14,06:27,12:26,15:46,18:24,19:37
الطفيلة,2026-10-07,05:14,06:27,12:25,15:46,18:23,19:36
الطفيلة,2026-10-08,05:15,06:28,12:25,15:45,18:22,19:35
الطفيلة,2026-10-09,05:16,06:29,12:25,15:44,18:20,19:33
الطفيلة,2026-10-10,05:16,06:29,12:25,15:43,18:19,19:32
الطفيلة,2026-10-11,05:17,06:30,12:24,15:42,18:18,19:31
الطفيلة,2026-10-12,05:18,06:31,12:24,15:42,18:17,19:30
الطفيلة,2026-10-13,05:18,06:31,12:24,15:41,18:16,19:29
الطفيلة,2026-10-14,05:19,06:32,12:24,15:40,18:15,19:28
الطفيلة,2026-10-15,05:19,06:33,12:23,15:39,18:14,19:27
الطفيلة,2026-10-16,05:20,06:33,12:23,15:38,18:12,19:26
الطفيلة,2026-10-17,05:21,06:34,12:23,15:38,18:11,19:25
الطفيلة,2026-10-18,05:21,06:35,12:23,15:37,18:10,19:24
الطفيلة,2026-10-19,05:22,06:35,12:23,15:36,18:09,19:23
الطفيلة,2026-10-20,05:23,06:36,12:22,15:35,18:08,19:22
الطفيلة,2026-10-21,05:23,06:37,12:22,15:34,18:07,19:21
الطفيلة,2026-10-22,05:24,06:37,12:22,15:34,18:06,19:20
الطفيلة,2026-10-23,05:25,06:38,12:22,15:33,18:05,19:19
الطفيلة,2026-10-24,05:25,06:39,12:22,15:32,18:04,19:18
الطفيلة,2026-10-25,05:26,06:40,12:22,15:31,18:03,19:17
الطفيلة,2026-10-26,05:27,06:40,12:22,15:31,18:02,19:16
الطفيلة,2026-10-27,05:27,06:41,12:21,15:30,18:01,19:15
الطفيلة,2026-10-28,05:28,06:42,12:21,15:29,18:00,19:14
الطفيلة,2026-10-29,05:28,06:43,12:21,15:29,17:59,19:14
الطفيلة,2026-10-30,05:29,06:43,12:21,15:28,17:59,19:13
الطفيلة,2026-10-31,05:30,06:44,12:21,15:27,17:58,19:12
الطفيلة,2026-11-01,05:31,06:45,12:21,15:27,17:57,19:11
الطفيلة,2026-11-02,05:31,06:46,12:21,15:26,17:56,19:11
الطفيلة,2026-11-03,05:32,06:46,12:21,15:26,17:55,19:10
الطفيلة,2026-11-04,05:33,06:47,12:21,15:25,17:55,19:09
الطفيلة,2026-11-05,05:33,06:48,12:21,15:24,17:54,19:09
الطفيلة,2026-11-06,05:34,06:49,12:21,15:24,17:53,19:08
الطفيلة,2026-11-07,05:35,06:50,12:21,15:23,17:52,19:07
الطفيلة,2026-11-08,05:35,06:50,12:21,15:23,17:52,19:07
الطفيلة,2026-11-09,05:36,06:51,12:21,15:22,17:51,19:06
الطفيلة,2026-11-10,05:37,06:52,12:21,15:22,17:50,19:06
الطفيلة,2026-11-11,05:38,06:53,12:22,15:21,17:50,19:05
الطفيلة,2026-11-12,05:38,06:54,12:22,15:21,17:49,19:05
الطفيلة,2026-11-13,05:39,06:54,12:22,15:20,17:49,19:04
الطفيلة,2026-11-14,05:40,06:55,12:22,15:20,17:48,19:04
الطفيلة,2026-11-15,05:40,06:56,12:22,15:20,17:48,19:03
الطفيلة,2026-11-16,05:41,06:57,12:22,15:19,17:47,19:03
الطفيلة,2026-11-17,05:42,06:58,12:23,15:19,17:47,19:03
الطفيلة,2026-11-18,05:43,06:59,12:23,15:19,17:46,19:02
الطفيلة,2026-11-19,05:43,06:59,12:23,15:18,17:46,19:02
الطفيلة,2026-11-20,05:44,07:00,12:23,15:18,17:46,19:02
الطفيلة,2026-11-21,05:45,07:01,12:23,15:18,17:45,19:02
الطفيلة,2026-11-22,05:45,07:02,12:24,15:18,17:45,19:01
الطفيلة,2026-11-23,05:46,07:03,12:24,15:17,17:45,19:01
الطفيلة,2026-11-24,05:47,07:04,12:24,15:17,17:44,19:01
الطفيلة,2026-11-25,05:48,07:04,12:25,15:17,17:44,19:01
الطفيلة,2026-11-26,05:48,07:05,12:25,15:17,17:44,19:01
الطفيلة,2026-11-27,05:49,07:06,12:25,15:17,17:44,19:01
الطفيلة,2026-11-28,05:50,07:07,12:25,15:17,17:44,19:01
الطفيلة,2026-11-29,05:51,07:08,12:26,15:17,17:43,19:01
الطفيلة,2026-11-30,05:51,07:09,12:26,15:17,17:43,19:01
الطفيلة,2026-12-01,05:52,07:09,12:27,15:17,17:43,19:01
الطفيلة,2026-12-02,05:53,07:10,12:27,15:17,17:43,19:01
الطفيلة,2026-12-03,05:53,07:11,12:27,15:17,17:43,19:01
الطفيلة,2026-12-04,05:54,07:12,12:28,15:17,17:43,19:01
الطفيلة,2026-12-05,05:55,07:13,12:28,15:17,17:43,19:01
الطفيلة,2026-12-06,05:55,07:13,12:29,15:17,17:44,19:01
الطفيلة,2026-12-07,05:56,07:14,12:29,15:17,17:44,19:02
الطفيلة,2026-12-08,05:57,07:15,12:29,15:17,17:44,19:02
الطفيلة,2026-12-09,05:57,07:15,12:30,15:18,17:44,19:02
الطفيلة,2026-12-10,05:58,07:16,12:30,15:18,17:44,19:02
الطفيلة,2026-12-11,05:59,07:17,12:31,15:18,17:44,19:02
الطفيلة,2026-12-12,05:59,07:18,12:31,15:18,17:45,19:03
الطفيلة,2026-12-13,06:00,07:18,12:32,15:19,17:45,19:03
الطفيلة,2026-12-14,06:01,07:19,12:32,15:19,17:45,19:03
الطفيلة,2026-12-15,06:01,07:20,12:33,15:19,17:46,19:04
الطفيلة,2026-12-16,06:02,07:20,12:33,15:20,17:46,19:04
الطفيلة,2026-12-17,06:02,07:21,12:34,15:20,17:46,19:05
الطفيلة,2026-12-18,06:03,07:21,12:34,15:21,17:47,19:05
الطفيلة,2026-12-19,06:04,07:22,12:35,15:21,17:47,19:05
الطفيلة,2026-12-20,06:04,07:22,12:35,15:22,17:48,19:06
الطفيلة,2026-12-21,06:05,07:23,12:36,15:22,17:48,19:06
الطفيلة,2026-12-22,06:05,07:23,12:36,15:22,17:49,19:07
الطفيلة,2026-12-23,06:06,07:24,12:37,15:23,17:49,19:07
الطفيلة,2026-12-24,06:06,07:24,12:37,15:24,17:50,19:08
الطفيلة,2026-12-25,06:06,07:25,12:38,15:24,17:50,19:09
الطفيلة,2026-12-26,06:07,07:25,12:38,15:25,17:51,19:09
الطفيلة,2026-12-27,06:07,07:26,12:39,15:25,17:51,19:10
الطفيلة,2026-12-28,06:08,07:26,12:39,15:26,17:52,19:10
الطفيلة,2026-12-29,06:08,07:26,12:40,15:27,17:53,19:11
الطفيلة,2026-12-30,06:08,07:27,12:40,15:27,17:53,19:12
الطفيلة,2026-12-31,06:09,07:27,12:41,15:28,17:54,19:12
الظليل والهاشمية,2026-03-12,05:28,06:45,12:45,16:08,18:46,20:02
الظليل والهاشمية,2026-03-13,05:27,06:44,12:45,16:09,18:46,20:03
الظليل والهاشمية,2026-03-14,05:26,06:42,12:45,16:09,18:47,20:04
الظليل والهاشمية,2026-03-15,05:24,06:41,12:44,16:09,18:48,20:05
الظليل والهاشمية,2026-03-16,05:23,06:40,12:44,16:10,18:48,20:05
الظليل والهاشمية,2026-03-17,05:22,06:39,12:44,16:10,18:49,20:06
الظليل والهاشمية,2026-03-18,05:20,06:37,12:43,16:10,18:50,20:07
الظليل والهاشمية,2026-03-19,05:19,06:36,12:43,16:10,18:51,20:08
الظليل والهاشمية,2026-03-20,05:18,06:35,12:43,16:10,18:51,20:09
الظليل والهاشمية,2026-03-21,05:16,06:33,12:43,16:11,18:52,20:09
الظليل والهاشمية,2026-03-22,05:15,06:32,12:42,16:11,18:53,20:10
الظليل والهاشمية,2026-03-23,05:13,06:31,12:42,16:11,18:53,20:11
الظليل والهاشمية,2026-03-24,05:12,06:30,12:42,16:11,18:54,20:12
الظليل والهاشمية,2026-03-25,05:11,06:28,12:41,16:11,18:55,20:12
الظليل والهاشمية,2026-03-26,05:09,06:27,12:41,16:11,18:55,20:13
الظليل والهاشمية,2026-03-27,05:08,06:26,12:41,16:11,18:56,20:14
الظليل والهاشمية,2026-03-28,05:06,06:24,12:41,16:12,18:57,20:15
الظليل والهاشمية,2026-03-29,05:05,06:23,12:40,16:12,18:57,20:16
الظليل والهاشمية,2026-03-30,05:04,06:22,12:40,16:12,18:58,20:16
الظليل والهاشمية,2026-03-31,05:02,06:20,12:40,16:12,18:59,20:17
الظليل والهاشمية,2026-04-01,05:01,06:19,12:39,16:12,19:00,20:18
الظليل والهاشمية,2026-04-02,04:59,06:18,12:39,16:12,19:00,20:19
الظليل والهاشمية,2026-04-03,04:58,06:17,12:39,16:12,19:01,20:20
الظليل والهاشمية,2026-04-04,04:57,06:15,12:38,16:12,19:02,20:21
الظليل والهاشمية,2026-04-05,04:55,06:14,12:38,16:12,19:02,20:21
الظليل والهاشمية,2026-04-06,04:54,06:13,12:38,16:12,19:03,20:22
الظليل والهاشمية,2026-04-07,04:52,06:12,12:38,16:12,19:04,20:23
الظليل والهاشمية,2026-04-08,04:51,06:10,12:37,16:12,19:04,20:24
الظليل والهاشمية,2026-04-09,04:49,06:09,12:37,16:12,19:05,20:25
الظليل والهاشمية,2026-04-10,04:48,06:08,12:37,16:13,19:06,20:26
الظليل والهاشمية,2026-04-11,04:47,06:07,12:36,16:13,19:06,20:27
الظليل والهاشمية,2026-04-12,04:45,06:05,12:36,16:13,19:07,20:28
الظليل والهاشمية,2026-04-13,04:44,06:04,12:36,16:13,19:08,20:29
الظليل والهاشمية,2026-04-14,04:42,06:03,12:36,16:13,19:09,20:29
الظليل والهاشمية,2026-04-15,04:41,06:02,12:35,16:13,19:09,20:30
الظليل والهاشمية,2026-04-16,04:40,06:01,12:35,16:13,19:10,20:31
الظليل والهاشمية,2026-04-17,04:38,05:59,12:35,16:13,19:11,20:32
الظليل والهاشمية,2026-04-18,04:37,05:58,12:35,16:13,19:11,20:33
الظليل والهاشمية,2026-04-19,04:35,05:57,12:35,16:13,19:12,20:34
الظليل والهاشمية,2026-04-20,04:34,05:56,12:34,16:13,19:13,20:35
الظليل والهاشمية,2026-04-21,04:33,05:55,12:34,16:13,19:13,20:36
الظليل والهاشمية,2026-04-22,04:31,05:54,12:34,16:13,19:14,20:37
الظليل والهاشمية,2026-04-23,04:30,05:53,12:34,16:13,19:15,20:38
الظليل والهاشمية,2026-04-24,04:29,05:52,12:34,16:13,19:16,20:39
الظليل والهاشمية,2026-04-25,04:27,05:51,12:33,16:13,19:16,20:40
الظليل والهاشمية,2026-04-26,04:26,05:50,12:33,16:13,19:17,20:41
الظليل والهاشمية,2026-04-27,04:25,05:48,12:33,16:13,19:18,20:42
الظليل والهاشمية,2026-04-28,04:23,05:47,12:33,16:13,19:19,20:43
الظليل والهاشمية,2026-04-29,04:22,05:46,12:33,16:13,19:19,20:44
الظليل والهاشمية,2026-04-30,04:21,05:45,12:33,16:13,19:20,20:45
الظليل والهاشمية,2026-05-01,04:20,05:44,12:33,16:13,19:21,20:46
الظليل والهاشمية,2026-05-02,04:18,05:44,12:32,16:13,19:21,20:47
الظليل والهاشمية,2026-05-03,04:17,05:43,12:32,16:13,19:22,20:48
الظليل والهاشمية,2026-05-04,04:16,05:42,12:32,16:13,19:23,20:49
الظليل والهاشمية,2026-05-05,04:15,05:41,12:32,16:13,19:24,20:50
الظليل والهاشمية,2026-05-06,04:14,05:40,12:32,16:13,19:24,20:51
الظليل والهاشمية,2026-05-07,04:12,05:39,12:32,16:13,19:25,20:52
الظليل والهاشمية,2026-05-08,04:11,05:38,12:32,16:13,19:26,20:53
الظليل والهاشمية,2026-05-09,04:10,05:37,12:32,16:13,19:26,20:54
الظليل والهاشمية,2026-05-10,04:09,05:36,12:32,16:13,19:27,20:55
الظليل والهاشمية,2026-05-11,04:08,05:36,12:32,16:13,19:28,20:56
الظليل والهاشمية,2026-05-12,04:07,05:35,12:32,16:13,19:29,20:57
الظليل والهاشمية,2026-05-13,04:06,05:34,12:32,16:13,19:29,20:58
الظليل والهاشمية,2026-05-14,04:05,05:33,12:32,16:13,19:30,20:59
الظليل والهاشمية,2026-05-15,04:04,05:33,12:32,16:13,19:31,21:00
الظليل والهاشمية,2026-05-16,04:03,05:32,12:32,16:13,19:31,21:01
الظليل والهاشمية,2026-05-17,04:02,05:31,12:32,16:13,19:32,21:02
الظليل والهاشمية,2026-05-18,04:01,05:31,12:32,16:13,19:33,21:03
الظليل والهاشمية,2026-05-19,04:00,05:30,12:32,16:13,19:34,21:04
الظليل والهاشمية,2026-05-20,03:59,05:30,12:32,16:13,19:34,21:05
الظليل والهاشمية,2026-05-21,03:59,05:29,12:32,16:13,19:35,21:06
الظليل والهاشمية,2026-05-22,03:58,05:29,12:32,16:13,19:36,21:07
الظليل والهاشمية,2026-05-23,03:57,05:28,12:32,16:13,19:36,21:08
الظليل والهاشمية,2026-05-24,03:56,05:28,12:32,16:13,19:37,21:09
الظليل والهاشمية,2026-05-25,03:55,05:27,12:32,16:14,19:38,21:09
الظليل والهاشمية,2026-05-26,03:55,05:27,12:32,16:14,19:38,21:10
الظليل والهاشمية,2026-05-27,03:54,05:26,12:33,16:14,19:39,21:11
الظليل والهاشمية,2026-05-28,03:54,05:26,12:33,16:14,19:39,21:12
الظليل والهاشمية,2026-05-29,03:53,05:25,12:33,16:14,19:40,21:13
الظليل والهاشمية,2026-05-30,03:52,05:25,12:33,16:14,19:41,21:14
الظليل والهاشمية,2026-05-31,03:52,05:25,12:33,16:14,19:41,21:15
الظليل والهاشمية,2026-06-01,03:51,05:25,12:33,16:14,19:42,21:15
الظليل والهاشمية,2026-06-02,03:51,05:24,12:33,16:14,19:42,21:16
الظليل والهاشمية,2026-06-03,03:50,05:24,12:34,16:15,19:43,21:17
الظليل والهاشمية,2026-06-04,03:50,05:24,12:34,16:15,19:43,21:18
الظليل والهاشمية,2026-06-05,03:50,05:24,12:34,16:15,19:44,21:18
الظليل والهاشمية,2026-06-06,03:49,05:23,12:34,16:15,19:45,21:19
الظليل والهاشمية,2026-06-07,03:49,05:23,12:34,16:15,19:45,21:20
الظليل والهاشمية,2026-06-08,03:49,05:23,12:34,16:15,19:45,21:20
الظليل والهاشمية,2026-06-09,03:48,05:23,12:35,16:16,19:46,21:21
الظليل والهاشمية,2026-06-10,03:48,05:23,12:35,16:16,19:46,21:21
الظليل والهاشمية,2026-06-11,03:48,05:23,12:35,16:16,19:47,21:22
الظليل والهاشمية,2026-06-12,03:48,05:23,12:35,16:16,19:47,21:22
الظليل والهاشمية,2026-06-13,03:48,05:23,12:36,16:16,19:48,21:23
الظليل والهاشمية,2026-06-14,03:48,05:23,12:36,16:17,19:48,21:23
الظليل والهاشمية,2026-06-15,03:48,05:23,12:36,16:17,19:48,21:24
الظليل والهاشمية,2026-06-16,03:48,05:23,12:36,16:17,19:49,21:24
الظليل والهاشمية,2026-06-17,03:48,05:23,12:36,16:17,19:49,21:25
الظليل والهاشمية,2026-06-18,03:48,05:24,12:37,16:17,19:49,21:25
الظليل والهاشمية,2026-06-19,03:48,05:24,12:37,16:18,19:50,21:25
الظليل والهاشمية,2026-06-20,03:48,05:24,12:37,16:18,19:50,21:25
الظليل والهاشمية,2026-06-21,03:48,05:24,12:37,16:18,19:50,21:26
الظليل والهاشمية,2026-06-22,03:49,05:24,12:37,16:18,19:50,21:26
الظليل والهاشمية,2026-06-23,03:49,05:25,12:38,16:19,19:50,21:26
الظليل والهاشمية,2026-06-24,03:49,05:25,12:38,16:19,19:51,21:26
الظليل والهاشمية,2026-06-25,03:50,05:25,12:38,16:19,19:51,21:26
الظليل والهاشمية,2026-06-26,03:50,05:25,12:38,16:19,19:51,21:26
الظليل والهاشمية,2026-06-27,03:50,05:26,12:39,16:19,19:51,21:26
الظليل والهاشمية,2026-06-28,03:51,05:26,12:39,16:20,19:51,21:26
الظليل والهاشمية,2026-06-29,03:51,05:26,12:39,16:20,19:51,21:26
الظليل والهاشمية,2026-06-30,03:52,05:27,12:39,16:20,19:51,21:26
الظليل والهاشمية,2026-07-01,03:52,05:27,12:39,16:20,19:51,21:26
الظليل والهاشمية,2026-07-02,03:53,05:28,12:40,16:20,19:51,21:26
الظليل والهاشمية,2026-07-03,03:53,05:28,12:40,16:21,19:51,21:25
الظليل والهاشمية,2026-07-04,03:54,05:28,12:40,16:21,19:51,21:25
الظليل والهاشمية,2026-07-05,03:54,05:29,12:40,16:21,19:51,21:25
الظليل والهاشمية,2026-07-06,03:55,05:29,12:40,16:21,19:50,21:25
الظليل والهاشمية,2026-07-07,03:56,05:30,12:40,16:21,19:50,21:24
الظليل والهاشمية,2026-07-08,03:56,05:30,12:41,16:22,19:50,21:24
الظليل والهاشمية,2026-07-09,03:57,05:31,12:41,16:22,19:50,21:23
الظليل والهاشمية,2026-07-10,03:58,05:31,12:41,16:22,19:50,21:23
الظليل والهاشمية,2026-07-11,03:59,05:32,12:41,16:22,19:49,21:23
الظليل والهاشمية,2026-07-12,03:59,05:33,12:41,16:22,19:49,21:22
الظليل والهاشمية,2026-07-13,04:00,05:33,12:41,16:22,19:49,21:21
الظليل والهاشمية,2026-07-14,04:01,05:34,12:41,16:22,19:48,21:21
الظليل والهاشمية,2026-07-15,04:02,05:34,12:41,16:22,19:48,21:20
الظليل والهاشمية,2026-07-16,04:03,05:35,12:42,16:23,19:47,21:20
الظليل والهاشمية,2026-07-17,04:03,05:36,12:42,16:23,19:47,21:19
الظليل والهاشمية,2026-07-18,04:04,05:36,12:42,16:23,19:47,21:18
الظليل والهاشمية,2026-07-19,04:05,05:37,12:42,16:23,19:46,21:17
الظليل والهاشمية,2026-07-20,04:06,05:37,12:42,16:23,19:46,21:17
الظليل والهاشمية,2026-07-21,04:07,05:38,12:42,16:23,19:45,21:16
الظليل والهاشمية,2026-07-22,04:08,05:39,12:42,16:23,19:44,21:15
الظليل والهاشمية,2026-07-23,04:09,05:39,12:42,16:23,19:44,21:14
الظليل والهاشمية,2026-07-24,04:10,05:40,12:42,16:23,19:43,21:13
الظليل والهاشمية,2026-07-25,04:11,05:41,12:42,16:23,19:43,21:12
الظليل والهاشمية,2026-07-26,04:12,05:41,12:42,16:23,19:42,21:11
الظليل والهاشمية,2026-07-27,04:12,05:42,12:42,16:23,19:41,21:10
الظليل والهاشمية,2026-07-28,04:13,05:43,12:42,16:23,19:41,21:09
الظليل والهاشمية,2026-07-29,04:14,05:43,12:42,16:23,19:40,21:08
الظليل والهاشمية,2026-07-30,04:15,05:44,12:42,16:23,19:39,21:07
الظليل والهاشمية,2026-07-31,04:16,05:45,12:42,16:23,19:38,21:06
الظليل والهاشمية,2026-08-01,04:17,05:45,12:42,16:23,19:38,21:05
الظليل والهاشمية,2026-08-02,04:18,05:46,12:42,16:22,19:37,21:04
الظليل والهاشمية,2026-08-03,04:19,05:47,12:42,16:22,19:36,21:03
الظليل والهاشمية,2026-08-04,04:20,05:47,12:42,16:22,19:35,21:02
الظليل والهاشمية,2026-08-05,04:21,05:48,12:41,16:22,19:34,21:01
الظليل والهاشمية,2026-08-06,04:22,05:49,12:41,16:22,19:33,21:00
الظليل والهاشمية,2026-08-07,04:23,05:49,12:41,16:22,19:32,20:58
الظليل والهاشمية,2026-08-08,04:24,05:50,12:41,16:21,19:31,20:57
الظليل والهاشمية,2026-08-09,04:25,05:51,12:41,16:21,19:30,20:56
الظليل والهاشمية,2026-08-10,04:26,05:51,12:41,16:21,19:30,20:55
الظليل والهاشمية,2026-08-11,04:27,05:52,12:41,16:21,19:29,20:53
الظليل والهاشمية,2026-08-12,04:28,05:53,12:41,16:20,19:28,20:52
الظليل والهاشمية,2026-08-13,04:29,05:53,12:40,16:20,19:26,20:51
الظليل والهاشمية,2026-08-14,04:30,05:54,12:40,16:20,19:25,20:50
الظليل والهاشمية,2026-08-15,04:31,05:55,12:40,16:19,19:24,20:48
الظليل والهاشمية,2026-08-16,04:31,05:55,12:40,16:19,19:23,20:47
الظليل والهاشمية,2026-08-17,04:32,05:56,12:40,16:19,19:22,20:46
الظليل والهاشمية,2026-08-18,04:33,05:57,12:39,16:18,19:21,20:44
الظليل والهاشمية,2026-08-19,04:34,05:57,12:39,16:18,19:20,20:43
الظليل والهاشمية,2026-08-20,04:35,05:58,12:39,16:17,19:19,20:41
الظليل والهاشمية,2026-08-21,04:36,05:59,12:39,16:17,19:18,20:40
الظليل والهاشمية,2026-08-22,04:37,05:59,12:38,16:17,19:17,20:39
الظليل والهاشمية,2026-08-23,04:38,06:00,12:38,16:16,19:15,20:37
الظليل والهاشمية,2026-08-24,04:39,06:01,12:38,16:16,19:14,20:36
الظليل والهاشمية,2026-08-25,04:40,06:01,12:38,16:15,19:13,20:34
الظليل والهاشمية,2026-08-26,04:40,06:02,12:37,16:15,19:12,20:33
الظليل والهاشمية,2026-08-27,04:41,06:02,12:37,16:14,19:11,20:32
الظليل والهاشمية,2026-08-28,04:42,06:03,12:37,16:13,19:09,20:30
الظليل والهاشمية,2026-08-29,04:43,06:04,12:36,16:13,19:08,20:29
الظليل والهاشمية,2026-08-30,04:44,06:04,12:36,16:12,19:07,20:27
الظليل والهاشمية,2026-08-31,04:45,06:05,12:36,16:12,19:06,20:26
الظليل والهاشمية,2026-09-01,04:45,06:06,12:35,16:11,19:04,20:24
الظليل والهاشمية,2026-09-02,04:46,06:06,12:35,16:10,19:03,20:23
الظليل والهاشمية,2026-09-03,04:47,06:07,12:35,16:10,19:02,20:21
الظليل والهاشمية,2026-09-04,04:48,06:08,12:35,16:09,19:01,20:20
الظليل والهاشمية,2026-09-05,04:49,06:08,12:34,16:09,18:59,20:19
الظليل والهاشمية,2026-09-06,04:49,06:09,12:34,16:08,18:58,20:17
الظليل والهاشمية,2026-09-07,04:50,06:09,12:34,16:07,18:57,20:16
الظليل والهاشمية,2026-09-08,04:51,06:10,12:33,16:07,18:55,20:14
الظليل والهاشمية,2026-09-09,04:52,06:11,12:33,16:06,18:54,20:13
الظليل والهاشمية,2026-09-10,04:53,06:11,12:32,16:05,18:53,20:11
الظليل والهاشمية,2026-09-11,04:53,06:12,12:32,16:04,18:51,20:10
الظليل والهاشمية,2026-09-12,04:54,06:12,12:32,16:04,18:50,20:08
الظليل والهاشمية,2026-09-13,04:55,06:13,12:31,16:03,18:49,20:07
الظليل والهاشمية,2026-09-14,04:56,06:14,12:31,16:02,18:47,20:05
الظليل والهاشمية,2026-09-15,04:56,06:14,12:31,16:01,18:46,20:04
الظليل والهاشمية,2026-09-16,04:57,06:15,12:30,16:01,18:45,20:03
الظليل والهاشمية,2026-09-17,04:58,06:16,12:30,16:00,18:43,20:01
الظليل والهاشمية,2026-09-18,04:58,06:16,12:30,15:59,18:42,20:00
الظليل والهاشمية,2026-09-19,04:59,06:17,12:29,15:58,18:41,19:58
الظليل والهاشمية,2026-09-20,05:00,06:17,12:29,15:57,18:39,19:57
الظليل والهاشمية,2026-09-21,05:01,06:18,12:29,15:57,18:38,19:55
الظليل والهاشمية,2026-09-22,05:01,06:19,12:28,15:56,18:37,19:54
الظليل والهاشمية,2026-09-23,05:02,06:19,12:28,15:55,18:35,19:53
الظليل والهاشمية,2026-09-24,05:03,06:20,12:28,15:54,18:34,19:51
الظليل والهاشمية,2026-09-25,05:03,06:21,12:27,15:53,18:33,19:50
الظليل والهاشمية,2026-09-26,05:04,06:21,12:27,15:52,18:32,19:48
الظليل والهاشمية,2026-09-27,05:05,06:22,12:26,15:51,18:30,19:47
الظليل والهاشمية,2026-09-28,05:05,06:22,12:26,15:51,18:29,19:46
الظليل والهاشمية,2026-09-29,05:06,06:23,12:26,15:50,18:28,19:44
الظليل والهاشمية,2026-09-30,05:07,06:24,12:25,15:49,18:26,19:43
الظليل والهاشمية,2026-10-01,05:08,06:24,12:25,15:48,18:25,19:42
الظليل والهاشمية,2026-10-02,05:08,06:25,12:25,15:47,18:24,19:40
الظليل والهاشمية,2026-10-03,05:09,06:26,12:25,15:46,18:22,19:39
الظليل والهاشمية,2026-10-04,05:10,06:26,12:24,15:45,18:21,19:38
الظليل والهاشمية,2026-10-05,05:10,06:27,12:24,15:45,18:20,19:37
الظليل والهاشمية,2026-10-06,05:11,06:28,12:24,15:44,18:19,19:35
الظليل والهاشمية,2026-10-07,05:12,06:28,12:23,15:43,18:17,19:34
الظليل والهاشمية,2026-10-08,05:12,06:29,12:23,15:42,18:16,19:33
الظليل والهاشمية,2026-10-09,05:13,06:30,12:23,15:41,18:15,19:32
الظليل والهاشمية,2026-10-10,05:14,06:30,12:22,15:40,18:14,19:30
الظليل والهاشمية,2026-10-11,05:14,06:31,12:22,15:39,18:12,19:29
الظليل والهاشمية,2026-10-12,05:15,06:32,12:22,15:38,18:11,19:28
الظليل والهاشمية,2026-10-13,05:16,06:33,12:22,15:38,18:10,19:27
الظليل والهاشمية,2026-10-14,05:16,06:33,12:21,15:37,18:09,19:26
الظليل والهاشمية,2026-10-15,05:17,06:34,12:21,15:36,18:08,19:25
الظليل والهاشمية,2026-10-16,05:18,06:35,12:21,15:35,18:07,19:23
الظليل والهاشمية,2026-10-17,05:18,06:35,12:21,15:34,18:05,19:22
الظليل والهاشمية,2026-10-18,05:19,06:36,12:21,15:33,18:04,19:21
الظليل والهاشمية,2026-10-19,05:20,06:37,12:20,15:33,18:03,19:20
الظليل والهاشمية,2026-10-20,05:20,06:38,12:20,15:32,18:02,19:19
الظليل والهاشمية,2026-10-21,05:21,06:38,12:20,15:31,18:01,19:18
الظليل والهاشمية,2026-10-22,05:22,06:39,12:20,15:30,18:00,19:17
الظليل والهاشمية,2026-10-23,05:22,06:40,12:20,15:29,17:59,19:16
الظليل والهاشمية,2026-10-24,05:23,06:41,12:20,15:29,17:58,19:15
الظليل والهاشمية,2026-10-25,05:24,06:41,12:20,15:28,17:57,19:14
الظليل والهاشمية,2026-10-26,05:25,06:42,12:19,15:27,17:56,19:13
الظليل والهاشمية,2026-10-27,05:25,06:43,12:19,15:26,17:55,19:13
الظليل والهاشمية,2026-10-28,05:26,06:44,12:19,15:26,17:54,19:12
الظليل والهاشمية,2026-10-29,05:27,06:45,12:19,15:25,17:53,19:11
الظليل والهاشمية,2026-10-30,05:27,06:45,12:19,15:24,17:52,19:10
الظليل والهاشمية,2026-10-31,05:28,06:46,12:19,15:23,17:51,19:09
الظليل والهاشمية,2026-11-01,05:29,06:47,12:19,15:23,17:50,19:08
الظليل والهاشمية,2026-11-02,05:30,06:48,12:19,15:22,17:49,19:08
الظليل والهاشمية,2026-11-03,05:30,06:49,12:19,15:22,17:49,19:07
الظليل والهاشمية,2026-11-04,05:31,06:50,12:19,15:21,17:48,19:06
الظليل والهاشمية,2026-11-05,05:32,06:50,12:19,15:20,17:47,19:06
الظليل والهاشمية,2026-11-06,05:32,06:51,12:19,15:20,17:46,19:05
الظليل والهاشمية,2026-11-07,05:33,06:52,12:19,15:19,17:45,19:04
الظليل والهاشمية,2026-11-08,05:34,06:53,12:19,15:19,17:45,19:04
الظليل والهاشمية,2026-11-09,05:35,06:54,12:19,15:18,17:44,19:03
الظليل والهاشمية,2026-11-10,05:35,06:55,12:19,15:17,17:43,19:02
الظليل والهاشمية,2026-11-11,05:36,06:56,12:19,15:17,17:43,19:02
الظليل والهاشمية,2026-11-12,05:37,06:56,12:20,15:17,17:42,19:01
الظليل والهاشمية,2026-11-13,05:38,06:57,12:20,15:16,17:41,19:01
الظليل والهاشمية,2026-11-14,05:38,06:58,12:20,15:16,17:41,19:01
الظليل والهاشمية,2026-11-15,05:39,06:59,12:20,15:15,17:40,19:00
الظليل والهاشمية,2026-11-16,05:40,07:00,12:20,15:15,17:40,19:00
الظليل والهاشمية,2026-11-17,05:41,07:01,12:20,15:14,17:39,18:59
الظليل والهاشمية,2026-11-18,05:41,07:02,12:21,15:14,17:39,18:59
الظليل والهاشمية,2026-11-19,05:42,07:03,12:21,15:14,17:38,18:59
الظليل والهاشمية,2026-11-20,05:43,07:03,12:21,15:13,17:38,18:58
الظليل والهاشمية,2026-11-21,05:44,07:04,12:21,15:13,17:38,18:58
الظليل والهاشمية,2026-11-22,05:45,07:05,12:22,15:13,17:37,18:58
الظليل والهاشمية,2026-11-23,05:45,07:06,12:22,15:13,17:37,18:58
الظليل والهاشمية,2026-11-24,05:46,07:07,12:22,15:13,17:37,18:57
الظليل والهاشمية,2026-11-25,05:47,07:08,12:22,15:12,17:36,18:57
الظليل والهاشمية,2026-11-26,05:48,07:09,12:23,15:12,17:36,18:57
الظليل والهاشمية,2026-11-27,05:48,07:09,12:23,15:12,17:36,18:57
الظليل والهاشمية,2026-11-28,05:49,07:10,12:23,15:12,17:36,18:57
الظليل والهاشمية,2026-11-29,05:50,07:11,12:24,15:12,17:36,18:57
الظليل والهاشمية,2026-11-30,05:51,07:12,12:24,15:12,17:35,18:57
الظليل والهاشمية,2026-12-01,05:51,07:13,12:24,15:12,17:35,18:57
الظليل والهاشمية,2026-12-02,05:52,07:14,12:25,15:12,17:35,18:57
الظليل والهاشمية,2026-12-03,05:53,07:14,12:25,15:12,17:35,18:57
الظليل والهاشمية,2026-12-04,05:53,07:15,12:26,15:12,17:35,18:57
الظليل والهاشمية,2026-12-05,05:54,07:16,12:26,15:12,17:35,18:57
الظليل والهاشمية,2026-12-06,05:55,07:17,12:26,15:12,17:35,18:57
الظليل والهاشمية,2026-12-07,05:56,07:18,12:27,15:12,17:36,18:58
الظليل والهاشمية,2026-12-08,05:56,07:18,12:27,15:12,17:36,18:58
الظليل والهاشمية,2026-12-09,05:57,07:19,12:28,15:13,17:36,18:58
الظليل والهاشمية,2026-12-10,05:58,07:20,12:28,15:13,17:36,18:58
الظليل والهاشمية,2026-12-11,05:58,07:21,12:29,15:13,17:36,18:59
الظليل والهاشمية,2026-12-12,05:59,07:21,12:29,15:13,17:36,18:59
الظليل والهاشمية,2026-12-13,06:00,07:22,12:30,15:14,17:37,18:59
الظليل والهاشمية,2026-12-14,06:00,07:23,12:30,15:14,17:37,18:59
الظليل والهاشمية,2026-12-15,06:01,07:23,12:31,15:14,17:37,19:00
الظليل والهاشمية,2026-12-16,06:01,07:24,12:31,15:15,17:38,19:00
الظليل والهاشمية,2026-12-17,06:02,07:24,12:31,15:15,17:38,19:01
الظليل والهاشمية,2026-12-18,06:02,07:25,12:32,15:16,17:38,19:01
الظليل والهاشمية,2026-12-19,06:03,07:26,12:32,15:16,17:39,19:01
الظليل والهاشمية,2026-12-20,06:04,07:26,12:33,15:16,17:39,19:02
الظليل والهاشمية,2026-12-21,06:04,07:27,12:33,15:17,17:40,19:02
الظليل والهاشمية,2026-12-22,06:05,07:27,12:34,15:17,17:40,19:03
الظليل والهاشمية,2026-12-23,06:05,07:28,12:34,15:18,17:41,19:03
الظليل والهاشمية,2026-12-24,06:06,07:28,12:35,15:18,17:41,19:04
الظليل والهاشمية,2026-12-25,06:06,07:29,12:35,15:19,17:42,19:05
الظليل والهاشمية,2026-12-26,06:06,07:29,12:36,15:20,17:43,19:05
الظليل والهاشمية,2026-12-27,06:07,07:29,12:36,15:20,17:43,19:06
الظليل والهاشمية,2026-12-28,06:07,07:30,12:37,15:21,17:44,19:06
الظليل والهاشمية,2026-12-29,06:08,07:30,12:37,15:21,17:44,19:07
الظليل والهاشمية,2026-12-30,06:08,07:30,12:38,15:22,17:45,19:08
الظليل والهاشمية,2026-12-31,06:08,07:31,12:38,15:23,17:46,19:08
العقبة,2026-03-12,05:34,06:51,12:50,16:14,18:50,20:05
العقبة,2026-03-13,05:33,06:50,12:49,16:14,18:51,20:06
العقبة,2026-03-14,05:32,06:49,12:49,16:14,18:51,20:07
العقبة,2026-03-15,05:31,06:48,12:49,16:14,18:52,20:07
العقبة,2026-03-16,05:30,06:46,12:49,16:14,18:53,20:08
العقبة,2026-03-17,05:28,06:45,12:48,16:14,18:53,20:09
العقبة,2026-03-18,05:27,06:44,12:48,16:15,18:54,20:09
العقبة,2026-03-19,05:26,06:43,12:48,16:15,18:54,20:10
العقبة,2026-03-20,05:25,06:42,12:47,16:15,18:55,20:11
العقبة,2026-03-21,05:24,06:41,12:47,16:15,18:56,20:11
العقبة,2026-03-22,05:22,06:39,12:47,16:15,18:56,20:12
العقبة,2026-03-23,05:21,06:38,12:46,16:15,18:57,20:13
العقبة,2026-03-24,05:20,06:37,12:46,16:15,18:57,20:13
العقبة,2026-03-25,05:18,06:36,12:46,16:15,18:58,20:14
العقبة,2026-03-26,05:17,06:35,12:46,16:15,18:59,20:15
العقبة,2026-03-27,05:16,06:33,12:45,16:15,18:59,20:15
العقبة,2026-03-28,05:15,06:32,12:45,16:15,19:00,20:16
العقبة,2026-03-29,05:13,06:31,12:45,16:15,19:00,20:17
العقبة,2026-03-30,05:12,06:30,12:44,16:15,19:01,20:17
العقبة,2026-03-31,05:11,06:29,12:44,16:15,19:02,20:18
العقبة,2026-04-01,05:09,06:27,12:44,16:15,19:02,20:19
العقبة,2026-04-02,05:08,06:26,12:43,16:15,19:03,20:20
العقبة,2026-04-03,05:07,06:25,12:43,16:15,19:03,20:20
العقبة,2026-04-04,05:05,06:24,12:43,16:15,19:04,20:21
العقبة,2026-04-05,05:04,06:23,12:43,16:15,19:05,20:22
العقبة,2026-04-06,05:03,06:22,12:42,16:15,19:05,20:22
العقبة,2026-04-07,05:02,06:20,12:42,16:15,19:06,20:23
العقبة,2026-04-08,05:00,06:19,12:42,16:15,19:06,20:24
العقبة,2026-04-09,04:59,06:18,12:41,16:15,19:07,20:25
العقبة,2026-04-10,04:58,06:17,12:41,16:15,19:08,20:25
العقبة,2026-04-11,04:56,06:16,12:41,16:15,19:08,20:26
العقبة,2026-04-12,04:55,06:15,12:41,16:15,19:09,20:27
العقبة,2026-04-13,04:54,06:14,12:40,16:15,19:10,20:28
العقبة,2026-04-14,04:52,06:13,12:40,16:15,19:10,20:29
العقبة,2026-04-15,04:51,06:11,12:40,16:15,19:11,20:29
العقبة,2026-04-16,04:50,06:10,12:40,16:14,19:11,20:30
العقبة,2026-04-17,04:49,06:09,12:39,16:14,19:12,20:31
العقبة,2026-04-18,04:47,06:08,12:39,16:14,19:13,20:32
العقبة,2026-04-19,04:46,06:07,12:39,16:14,19:13,20:33
العقبة,2026-04-20,04:45,06:06,12:39,16:14,19:14,20:33
العقبة,2026-04-21,04:44,06:05,12:39,16:14,19:15,20:34
العقبة,2026-04-22,04:42,06:04,12:38,16:14,19:15,20:35
العقبة,2026-04-23,04:41,06:03,12:38,16:14,19:16,20:36
العقبة,2026-04-24,04:40,06:02,12:38,16:14,19:16,20:37
العقبة,2026-04-25,04:39,06:01,12:38,16:14,19:17,20:38
العقبة,2026-04-26,04:38,06:00,12:38,16:14,19:18,20:39
العقبة,2026-04-27,04:36,05:59,12:38,16:13,19:18,20:39
العقبة,2026-04-28,04:35,05:58,12:37,16:13,19:19,20:40
العقبة,2026-04-29,04:34,05:57,12:37,16:13,19:20,20:41
العقبة,2026-04-30,04:33,05:56,12:37,16:13,19:20,20:42
العقبة,2026-05-01,04:32,05:56,12:37,16:13,19:21,20:43
العقبة,2026-05-02,04:31,05:55,12:37,16:13,19:22,20:44
العقبة,2026-05-03,04:30,05:54,12:37,16:13,19:22,20:45
العقبة,2026-05-04,04:28,05:53,12:37,16:13,19:23,20:46
العقبة,2026-05-05,04:27,05:52,12:37,16:13,19:24,20:46
العقبة,2026-05-06,04:26,05:51,12:37,16:13,19:24,20:47
العقبة,2026-05-07,04:25,05:51,12:36,16:13,19:25,20:48
العقبة,2026-05-08,04:24,05:50,12:36,16:13,19:26,20:49
العقبة,2026-05-09,04:23,05:49,12:36,16:12,19:26,20:50
العقبة,2026-05-10,04:22,05:48,12:36,16:12,19:27,20:51
العقبة,2026-05-11,04:21,05:48,12:36,16:12,19:27,20:52
العقبة,2026-05-12,04:20,05:47,12:36,16:12,19:28,20:53
العقبة,2026-05-13,04:19,05:46,12:36,16:12,19:29,20:54
العقبة,2026-05-14,04:19,05:46,12:36,16:12,19:29,20:55
العقبة,2026-05-15,04:18,05:45,12:36,16:12,19:30,20:55
العقبة,2026-05-16,04:17,05:44,12:36,16:12,19:31,20:56
العقبة,2026-05-17,04:16,05:44,12:36,16:12,19:31,20:57
العقبة,2026-05-18,04:15,05:43,12:36,16:12,19:32,20:58
العقبة,2026-05-19,04:14,05:43,12:36,16:12,19:33,20:59
العقبة,2026-05-20,04:14,05:42,12:36,16:12,19:33,21:00
العقبة,2026-05-21,04:13,05:42,12:37,16:12,19:34,21:01
العقبة,2026-05-22,04:12,05:41,12:37,16:12,19:35,21:01
العقبة,2026-05-23,04:12,05:41,12:37,16:12,19:35,21:02
العقبة,2026-05-24,04:11,05:40,12:37,16:12,19:36,21:03
العقبة,2026-05-25,04:10,05:40,12:37,16:12,19:36,21:04
العقبة,2026-05-26,04:10,05:40,12:37,16:12,19:37,21:05
العقبة,2026-05-27,04:09,05:39,12:37,16:12,19:38,21:06
العقبة,2026-05-28,04:09,05:39,12:37,16:12,19:38,21:06
العقبة,2026-05-29,04:08,05:39,12:37,16:12,19:39,21:07
العقبة,2026-05-30,04:08,05:38,12:37,16:13,19:39,21:08
العقبة,2026-05-31,04:07,05:38,12:38,16:13,19:40,21:09
العقبة,2026-06-01,04:07,05:38,12:38,16:13,19:40,21:09
العقبة,2026-06-02,04:06,05:38,12:38,16:13,19:41,21:10
العقبة,2026-06-03,04:06,05:37,12:38,16:13,19:41,21:11
العقبة,2026-06-04,04:06,05:37,12:38,16:13,19:42,21:11
العقبة,2026-06-05,04:05,05:37,12:38,16:13,19:42,21:12
العقبة,2026-06-06,04:05,05:37,12:39,16:13,19:43,21:12
العقبة,2026-06-07,04:05,05:37,12:39,16:13,19:43,21:13
العقبة,2026-06-08,04:05,05:37,12:39,16:14,19:44,21:14
العقبة,2026-06-09,04:04,05:37,12:39,16:14,19:44,21:14
العقبة,2026-06-10,04:04,05:37,12:39,16:14,19:45,21:15
العقبة,2026-06-11,04:04,05:37,12:40,16:14,19:45,21:15
العقبة,2026-06-12,04:04,05:37,12:40,16:14,19:45,21:16
العقبة,2026-06-13,04:04,05:37,12:40,16:14,19:46,21:16
العقبة,2026-06-14,04:04,05:37,12:40,16:15,19:46,21:17
العقبة,2026-06-15,04:04,05:37,12:40,16:15,19:46,21:17
العقبة,2026-06-16,04:04,05:37,12:41,16:15,19:47,21:17
العقبة,2026-06-17,04:04,05:37,12:41,16:15,19:47,21:18
العقبة,2026-06-18,04:04,05:37,12:41,16:15,19:47,21:18
العقبة,2026-06-19,04:04,05:37,12:41,16:16,19:48,21:18
العقبة,2026-06-20,04:04,05:38,12:41,16:16,19:48,21:19
العقبة,2026-06-21,04:05,05:38,12:42,16:16,19:48,21:19
العقبة,2026-06-22,04:05,05:38,12:42,16:16,19:48,21:19
العقبة,2026-06-23,04:05,05:38,12:42,16:16,19:48,21:19
العقبة,2026-06-24,04:05,05:39,12:42,16:17,19:49,21:19
العقبة,2026-06-25,04:06,05:39,12:43,16:17,19:49,21:19
العقبة,2026-06-26,04:06,05:39,12:43,16:17,19:49,21:19
العقبة,2026-06-27,04:06,05:39,12:43,16:17,19:49,21:19
العقبة,2026-06-28,04:07,05:40,12:43,16:18,19:49,21:19
العقبة,2026-06-29,04:07,05:40,12:43,16:18,19:49,21:19
العقبة,2026-06-30,04:08,05:41,12:44,16:18,19:49,21:19
العقبة,2026-07-01,04:08,05:41,12:44,16:18,19:49,21:19
العقبة,2026-07-02,04:09,05:41,12:44,16:18,19:49,21:19
العقبة,2026-07-03,04:09,05:42,12:44,16:19,19:49,21:19
العقبة,2026-07-04,04:10,05:42,12:44,16:19,19:49,21:19
العقبة,2026-07-05,04:10,05:43,12:45,16:19,19:49,21:19
العقبة,2026-07-06,04:11,05:43,12:45,16:19,19:49,21:18
العقبة,2026-07-07,04:11,05:43,12:45,16:20,19:49,21:18
العقبة,2026-07-08,04:12,05:44,12:45,16:20,19:48,21:18
العقبة,2026-07-09,04:13,05:44,12:45,16:20,19:48,21:17
العقبة,2026-07-10,04:13,05:45,12:45,16:20,19:48,21:17
العقبة,2026-07-11,04:14,05:45,12:45,16:20,19:48,21:16
العقبة,2026-07-12,04:15,05:46,12:46,16:21,19:47,21:16
العقبة,2026-07-13,04:15,05:46,12:46,16:21,19:47,21:16
العقبة,2026-07-14,04:16,05:47,12:46,16:21,19:47,21:15
العقبة,2026-07-15,04:17,05:47,12:46,16:21,19:47,21:15
العقبة,2026-07-16,04:18,05:48,12:46,16:21,19:46,21:14
العقبة,2026-07-17,04:18,05:49,12:46,16:21,19:46,21:13
العقبة,2026-07-18,04:19,05:49,12:46,16:22,19:45,21:13
العقبة,2026-07-19,04:20,05:50,12:46,16:22,19:45,21:12
العقبة,2026-07-20,04:21,05:50,12:46,16:22,19:44,21:11
العقبة,2026-07-21,04:22,05:51,12:46,16:22,19:44,21:11
العقبة,2026-07-22,04:22,05:51,12:46,16:22,19:43,21:10
العقبة,2026-07-23,04:23,05:52,12:46,16:22,19:43,21:09
العقبة,2026-07-24,04:24,05:53,12:46,16:22,19:42,21:08
العقبة,2026-07-25,04:25,05:53,12:46,16:22,19:42,21:08
العقبة,2026-07-26,04:26,05:54,12:46,16:22,19:41,21:07
العقبة,2026-07-27,04:26,05:54,12:46,16:22,19:41,21:06
العقبة,2026-07-28,04:27,05:55,12:46,16:22,19:40,21:05
العقبة,2026-07-29,04:28,05:55,12:46,16:22,19:39,21:04
العقبة,2026-07-30,04:29,05:56,12:46,16:22,19:39,21:03
العقبة,2026-07-31,04:30,05:57,12:46,16:22,19:38,21:02
العقبة,2026-08-01,04:31,05:57,12:46,16:22,19:37,21:01
العقبة,2026-08-02,04:31,05:58,12:46,16:22,19:36,21:00
العقبة,2026-08-03,04:32,05:58,12:46,16:22,19:36,20:59
العقبة,2026-08-04,04:33,05:59,12:46,16:22,19:35,20:58
العقبة,2026-08-05,04:34,06:00,12:46,16:22,19:34,20:57
العقبة,2026-08-06,04:35,06:00,12:46,16:22,19:33,20:56
العقبة,2026-08-07,04:36,06:01,12:46,16:22,19:32,20:55
العقبة,2026-08-08,04:37,06:01,12:46,16:22,19:32,20:54
العقبة,2026-08-09,04:37,06:02,12:45,16:21,19:31,20:53
العقبة,2026-08-10,04:38,06:03,12:45,16:21,19:30,20:52
العقبة,2026-08-11,04:39,06:03,12:45,16:21,19:29,20:51
العقبة,2026-08-12,04:40,06:04,12:45,16:21,19:28,20:49
العقبة,2026-08-13,04:41,06:04,12:45,16:21,19:27,20:48
العقبة,2026-08-14,04:42,06:05,12:45,16:20,19:26,20:47
العقبة,2026-08-15,04:42,06:05,12:44,16:20,19:25,20:46
العقبة,2026-08-16,04:43,06:06,12:44,16:20,19:24,20:45
العقبة,2026-08-17,04:44,06:07,12:44,16:20,19:23,20:43
العقبة,2026-08-18,04:45,06:07,12:44,16:19,19:22,20:42
العقبة,2026-08-19,04:46,06:08,12:44,16:19,19:21,20:41
العقبة,2026-08-20,04:46,06:08,12:43,16:19,19:20,20:40
العقبة,2026-08-21,04:47,06:09,12:43,16:18,19:19,20:38
العقبة,2026-08-22,04:48,06:09,12:43,16:18,19:18,20:37
العقبة,2026-08-23,04:49,06:10,12:43,16:18,19:17,20:36
العقبة,2026-08-24,04:49,06:11,12:42,16:17,19:16,20:35
العقبة,2026-08-25,04:50,06:11,12:42,16:17,19:14,20:33
العقبة,2026-08-26,04:51,06:12,12:42,16:16,19:13,20:32
العقبة,2026-08-27,04:52,06:12,12:41,16:16,19:12,20:31
العقبة,2026-08-28,04:52,06:13,12:41,16:15,19:11,20:29
العقبة,2026-08-29,04:53,06:13,12:41,16:15,19:10,20:28
العقبة,2026-08-30,04:54,06:14,12:41,16:14,19:09,20:27
العقبة,2026-08-31,04:55,06:14,12:40,16:14,19:08,20:25
العقبة,2026-09-01,04:55,06:15,12:40,16:13,19:06,20:24
العقبة,2026-09-02,04:56,06:15,12:40,16:13,19:05,20:23
العقبة,2026-09-03,04:57,06:16,12:39,16:12,19:04,20:21
العقبة,2026-09-04,04:57,06:16,12:39,16:12,19:03,20:20
العقبة,2026-09-05,04:58,06:17,12:39,16:11,19:02,20:19
العقبة,2026-09-06,04:59,06:17,12:38,16:11,19:00,20:17
العقبة,2026-09-07,04:59,06:18,12:38,16:10,18:59,20:16
العقبة,2026-09-08,05:00,06:19,12:38,16:09,18:58,20:15
العقبة,2026-09-09,05:01,06:19,12:37,16:09,18:57,20:13
العقبة,2026-09-10,05:01,06:20,12:37,16:08,18:55,20:12
العقبة,2026-09-11,05:02,06:20,12:37,16:08,18:54,20:11
العقبة,2026-09-12,05:03,06:21,12:36,16:07,18:53,20:09
العقبة,2026-09-13,05:03,06:21,12:36,16:06,18:52,20:08
العقبة,2026-09-14,05:04,06:22,12:36,16:06,18:51,20:07
العقبة,2026-09-15,05:04,06:22,12:35,16:05,18:49,20:05
العقبة,2026-09-16,05:05,06:23,12:35,16:04,18:48,20:04
العقبة,2026-09-17,05:06,06:23,12:34,16:04,18:47,20:03
العقبة,2026-09-18,05:06,06:24,12:34,16:03,18:46,20:01
العقبة,2026-09-19,05:07,06:24,12:34,16:02,18:44,20:00
العقبة,2026-09-20,05:08,06:25,12:33,16:01,18:43,19:59
العقبة,2026-09-21,05:08,06:25,12:33,16:01,18:42,19:57
العقبة,2026-09-22,05:09,06:26,12:33,16:00,18:41,19:56
العقبة,2026-09-23,05:09,06:26,12:32,15:59,18:39,19:55
العقبة,2026-09-24,05:10,06:27,12:32,15:59,18:38,19:53
العقبة,2026-09-25,05:10,06:27,12:32,15:58,18:37,19:52
العقبة,2026-09-26,05:11,06:28,12:31,15:57,18:36,19:51
العقبة,2026-09-27,05:12,06:29,12:31,15:56,18:34,19:50
العقبة,2026-09-28,05:12,06:29,12:31,15:55,18:33,19:48
العقبة,2026-09-29,05:13,06:30,12:30,15:55,18:32,19:47
العقبة,2026-09-30,05:13,06:30,12:30,15:54,18:31,19:46
العقبة,2026-10-01,05:14,06:31,12:30,15:53,18:29,19:45
العقبة,2026-10-02,05:15,06:31,12:29,15:52,18:28,19:44
العقبة,2026-10-03,05:15,06:32,12:29,15:52,18:27,19:42
العقبة,2026-10-04,05:16,06:32,12:29,15:51,18:26,19:41
العقبة,2026-10-05,05:16,06:33,12:28,15:50,18:25,19:40
العقبة,2026-10-06,05:17,06:34,12:28,15:49,18:24,19:39
العقبة,2026-10-07,05:17,06:34,12:28,15:49,18:22,19:38
العقبة,2026-10-08,05:18,06:35,12:27,15:48,18:21,19:36
العقبة,2026-10-09,05:19,06:35,12:27,15:47,18:20,19:35
العقبة,2026-10-10,05:19,06:36,12:27,15:46,18:19,19:34
العقبة,2026-10-11,05:20,06:36,12:27,15:45,18:18,19:33
العقبة,2026-10-12,05:20,06:37,12:26,15:45,18:17,19:32
العقبة,2026-10-13,05:21,06:38,12:26,15:44,18:16,19:31
العقبة,2026-10-14,05:21,06:38,12:26,15:43,18:14,19:30
العقبة,2026-10-15,05:22,06:39,12:26,15:42,18:13,19:29
العقبة,2026-10-16,05:23,06:40,12:26,15:42,18:12,19:28
العقبة,2026-10-17,05:23,06:40,12:25,15:41,18:11,19:27
العقبة,2026-10-18,05:24,06:41,12:25,15:40,18:10,19:26
العقبة,2026-10-19,05:24,06:42,12:25,15:39,18:09,19:25
العقبة,2026-10-20,05:25,06:42,12:25,15:39,18:08,19:24
العقبة,2026-10-21,05:26,06:43,12:25,15:38,18:07,19:23
العقبة,2026-10-22,05:26,06:44,12:24,15:37,18:06,19:22
العقبة,2026-10-23,05:27,06:44,12:24,15:37,18:05,19:21
العقبة,2026-10-24,05:27,06:45,12:24,15:36,18:04,19:20
العقبة,2026-10-25,05:28,06:46,12:24,15:35,18:03,19:20
العقبة,2026-10-26,05:29,06:46,12:24,15:34,18:02,19:19
العقبة,2026-10-27,05:29,06:47,12:24,15:34,18:02,19:18
العقبة,2026-10-28,05:30,06:48,12:24,15:33,18:01,19:17
العقبة,2026-10-29,05:30,06:48,12:24,15:33,18:00,19:16
العقبة,2026-10-30,05:31,06:49,12:24,15:32,17:59,19:16
العقبة,2026-10-31,05:32,06:50,12:24,15:31,17:58,19:15
العقبة,2026-11-01,05:32,06:51,12:23,15:31,17:57,19:14
العقبة,2026-11-02,05:33,06:51,12:23,15:30,17:57,19:14
العقبة,2026-11-03,05:34,06:52,12:23,15:30,17:56,19:13
العقبة,2026-11-04,05:34,06:53,12:23,15:29,17:55,19:12
العقبة,2026-11-05,05:35,06:54,12:23,15:28,17:54,19:12
العقبة,2026-11-06,05:36,06:54,12:24,15:28,17:54,19:11
العقبة,2026-11-07,05:36,06:55,12:24,15:27,17:53,19:11
العقبة,2026-11-08,05:37,06:56,12:24,15:27,17:52,19:10
العقبة,2026-11-09,05:38,06:57,12:24,15:27,17:52,19:10
العقبة,2026-11-10,05:38,06:57,12:24,15:26,17:51,19:09
العقبة,2026-11-11,05:39,06:58,12:24,15:26,17:50,19:09
العقبة,2026-11-12,05:40,06:59,12:24,15:25,17:50,19:08
العقبة,2026-11-13,05:40,07:00,12:24,15:25,17:49,19:08
العقبة,2026-11-14,05:41,07:01,12:24,15:24,17:49,19:07
العقبة,2026-11-15,05:42,07:01,12:24,15:24,17:48,19:07
العقبة,2026-11-16,05:42,07:02,12:25,15:24,17:48,19:07
العقبة,2026-11-17,05:43,07:03,12:25,15:24,17:48,19:06
العقبة,2026-11-18,05:44,07:04,12:25,15:23,17:47,19:06
العقبة,2026-11-19,05:44,07:05,12:25,15:23,17:47,19:06
العقبة,2026-11-20,05:45,07:06,12:26,15:23,17:46,19:06
العقبة,2026-11-21,05:46,07:06,12:26,15:23,17:46,19:05
العقبة,2026-11-22,05:47,07:07,12:26,15:22,17:46,19:05
العقبة,2026-11-23,05:47,07:08,12:26,15:22,17:46,19:05
العقبة,2026-11-24,05:48,07:09,12:27,15:22,17:45,19:05
العقبة,2026-11-25,05:49,07:10,12:27,15:22,17:45,19:05
العقبة,2026-11-26,05:49,07:10,12:27,15:22,17:45,19:05
العقبة,2026-11-27,05:50,07:11,12:27,15:22,17:45,19:05
العقبة,2026-11-28,05:51,07:12,12:28,15:22,17:45,19:05
العقبة,2026-11-29,05:51,07:13,12:28,15:22,17:45,19:05
العقبة,2026-11-30,05:52,07:14,12:29,15:22,17:44,19:05
العقبة,2026-12-01,05:53,07:14,12:29,15:22,17:44,19:05
العقبة,2026-12-02,05:54,07:15,12:29,15:22,17:44,19:05
العقبة,2026-12-03,05:54,07:16,12:30,15:22,17:44,19:05
العقبة,2026-12-04,05:55,07:17,12:30,15:22,17:44,19:05
العقبة,2026-12-05,05:56,07:17,12:30,15:22,17:45,19:05
العقبة,2026-12-06,05:56,07:18,12:31,15:22,17:45,19:05
العقبة,2026-12-07,05:57,07:19,12:31,15:22,17:45,19:06
العقبة,2026-12-08,05:58,07:20,12:32,15:23,17:45,19:06
العقبة,2026-12-09,05:58,07:20,12:32,15:23,17:45,19:06
العقبة,2026-12-10,05:59,07:21,12:33,15:23,17:45,19:06
العقبة,2026-12-11,06:00,07:22,12:33,15:23,17:46,19:07
العقبة,2026-12-12,06:00,07:22,12:34,15:24,17:46,19:07
العقبة,2026-12-13,06:01,07:23,12:34,15:24,17:46,19:07
العقبة,2026-12-14,06:01,07:24,12:35,15:24,17:46,19:08
العقبة,2026-12-15,06:02,07:24,12:35,15:25,17:47,19:08
العقبة,2026-12-16,06:03,07:25,12:35,15:25,17:47,19:08
العقبة,2026-12-17,06:03,07:26,12:36,15:25,17:47,19:09
العقبة,2026-12-18,06:04,07:26,12:36,15:26,17:48,19:09
العقبة,2026-12-19,06:04,07:27,12:37,15:26,17:48,19:10
العقبة,2026-12-20,06:05,07:27,12:37,15:27,17:49,19:10
العقبة,2026-12-21,06:05,07:28,12:38,15:27,17:49,19:11
العقبة,2026-12-22,06:06,07:28,12:38,15:28,17:50,19:11
العقبة,2026-12-23,06:06,07:29,12:39,15:28,17:50,19:12
العقبة,2026-12-24,06:07,07:29,12:39,15:29,17:51,19:12
العقبة,2026-12-25,06:07,07:30,12:40,15:29,17:51,19:13
العقبة,2026-12-26,06:08,07:30,12:40,15:30,17:52,19:13
العقبة,2026-12-27,06:08,07:30,12:41,15:30,17:53,19:14
العقبة,2026-12-28,06:08,07:31,12:41,15:31,17:53,19:14
العقبة,2026-12-29,06:09,07:31,12:42,15:32,17:54,19:15
العقبة,2026-12-30,06:09,07:31,12:42,15:32,17:54,19:16
العقبة,2026-12-31,06:09,07:32,12:43,15:33,17:55,19:16
الكرك,2026-03-12,05:31,06:45,12:47,16:11,18:50,20:04
الكرك,2026-03-13,05:29,06:43,12:47,16:11,18:50,20:04
الكرك,2026-03-14,05:28,06:42,12:46,16:11,18:51,20:05
الكرك,2026-03-15,05:27,06:41,12:46,16:11,18:52,20:06
الكرك,2026-03-16,05:26,06:40,12:46,16:11,18:52,20:06
الكرك,2026-03-17,05:24,06:38,12:46,16:12,18:53,20:07
الكرك,2026-03-18,05:23,06:37,12:45,16:12,18:54,20:08
الكرك,2026-03-19,05:22,06:36,12:45,16:12,18:54,20:09
الكرك,2026-03-20,05:20,06:35,12:45,16:12,18:55,20:09
الكرك,2026-03-21,05:19,06:33,12:44,16:12,18:56,20:10
الكرك,2026-03-22,05:18,06:32,12:44,16:12,18:56,20:11
الكرك,2026-03-23,05:16,06:31,12:44,16:13,18:57,20:12
الكرك,2026-03-24,05:15,06:30,12:43,16:13,18:58,20:12
الكرك,2026-03-25,05:14,06:28,12:43,16:13,18:58,20:13
الكرك,2026-03-26,05:12,06:27,12:43,16:13,18:59,20:14
الكرك,2026-03-27,05:11,06:26,12:43,16:13,18:59,20:15
الكرك,2026-03-28,05:10,06:25,12:42,16:13,19:00,20:15
الكرك,2026-03-29,05:08,06:23,12:42,16:13,19:01,20:16
الكرك,2026-03-30,05:07,06:22,12:42,16:13,19:01,20:17
الكرك,2026-03-31,05:06,06:21,12:41,16:13,19:02,20:18
الكرك,2026-04-01,05:04,06:20,12:41,16:13,19:03,20:18
الكرك,2026-04-02,05:03,06:18,12:41,16:13,19:03,20:19
الكرك,2026-04-03,05:01,06:17,12:40,16:13,19:04,20:20
الكرك,2026-04-04,05:00,06:16,12:40,16:13,19:05,20:21
الكرك,2026-04-05,04:59,06:15,12:40,16:13,19:05,20:22
الكرك,2026-04-06,04:57,06:14,12:40,16:14,19:06,20:22
الكرك,2026-04-07,04:56,06:12,12:39,16:14,19:07,20:23
الكرك,2026-04-08,04:55,06:11,12:39,16:14,19:07,20:24
الكرك,2026-04-09,04:53,06:10,12:39,16:14,19:08,20:25
الكرك,2026-04-10,04:52,06:09,12:39,16:14,19:09,20:26
الكرك,2026-04-11,04:50,06:07,12:38,16:14,19:09,20:27
الكرك,2026-04-12,04:49,06:06,12:38,16:14,19:10,20:27
الكرك,2026-04-13,04:48,06:05,12:38,16:14,19:11,20:28
الكرك,2026-04-14,04:46,06:04,12:37,16:13,19:11,20:29
الكرك,2026-04-15,04:45,06:03,12:37,16:13,19:12,20:30
الكرك,2026-04-16,04:44,06:02,12:37,16:13,19:13,20:31
الكرك,2026-04-17,04:42,06:01,12:37,16:13,19:13,20:32
الكرك,2026-04-18,04:41,05:59,12:37,16:13,19:14,20:33
الكرك,2026-04-19,04:40,05:58,12:36,16:13,19:15,20:34
الكرك,2026-04-20,04:38,05:57,12:36,16:13,19:15,20:34
الكرك,2026-04-21,04:37,05:56,12:36,16:13,19:16,20:35
الكرك,2026-04-22,04:36,05:55,12:36,16:13,19:17,20:36
الكرك,2026-04-23,04:34,05:54,12:36,16:13,19:17,20:37
الكرك,2026-04-24,04:33,05:53,12:35,16:13,19:18,20:38
الكرك,2026-04-25,04:32,05:52,12:35,16:13,19:19,20:39
الكرك,2026-04-26,04:31,05:51,12:35,16:13,19:19,20:40
الكرك,2026-04-27,04:29,05:50,12:35,16:13,19:20,20:41
الكرك,2026-04-28,04:28,05:49,12:35,16:13,19:21,20:42
الكرك,2026-04-29,04:27,05:48,12:35,16:13,19:22,20:43
الكرك,2026-04-30,04:26,05:47,12:34,16:13,19:22,20:44
الكرك,2026-05-01,04:24,05:46,12:34,16:13,19:23,20:45
الكرك,2026-05-02,04:23,05:45,12:34,16:13,19:24,20:46
الكرك,2026-05-03,04:22,05:44,12:34,16:13,19:24,20:47
الكرك,2026-05-04,04:21,05:43,12:34,16:13,19:25,20:48
الكرك,2026-05-05,04:20,05:42,12:34,16:13,19:26,20:49
الكرك,2026-05-06,04:19,05:41,12:34,16:13,19:26,20:50
الكرك,2026-05-07,04:17,05:41,12:34,16:13,19:27,20:51
الكرك,2026-05-08,04:16,05:40,12:34,16:13,19:28,20:51
الكرك,2026-05-09,04:15,05:39,12:34,16:13,19:29,20:52
الكرك,2026-05-10,04:14,05:38,12:34,16:13,19:29,20:53
الكرك,2026-05-11,04:13,05:37,12:34,16:13,19:30,20:54
الكرك,2026-05-12,04:12,05:37,12:34,16:13,19:31,20:55
الكرك,2026-05-13,04:11,05:36,12:34,16:13,19:31,20:56
الكرك,2026-05-14,04:10,05:35,12:34,16:13,19:32,20:57
الكرك,2026-05-15,04:09,05:35,12:34,16:13,19:33,20:58
الكرك,2026-05-16,04:08,05:34,12:34,16:13,19:33,20:59
الكرك,2026-05-17,04:07,05:33,12:34,16:13,19:34,21:00
الكرك,2026-05-18,04:07,05:33,12:34,16:13,19:35,21:01
الكرك,2026-05-19,04:06,05:32,12:34,16:13,19:35,21:02
الكرك,2026-05-20,04:05,05:32,12:34,16:13,19:36,21:03
الكرك,2026-05-21,04:04,05:31,12:34,16:13,19:37,21:04
الكرك,2026-05-22,04:03,05:30,12:34,16:13,19:37,21:05
الكرك,2026-05-23,04:03,05:30,12:34,16:13,19:38,21:06
الكرك,2026-05-24,04:02,05:30,12:34,16:13,19:39,21:07
الكرك,2026-05-25,04:01,05:29,12:34,16:13,19:39,21:07
الكرك,2026-05-26,04:01,05:29,12:34,16:13,19:40,21:08
الكرك,2026-05-27,04:00,05:28,12:34,16:13,19:41,21:09
الكرك,2026-05-28,03:59,05:28,12:34,16:13,19:41,21:10
الكرك,2026-05-29,03:59,05:28,12:35,16:14,19:42,21:11
الكرك,2026-05-30,03:58,05:27,12:35,16:14,19:42,21:11
الكرك,2026-05-31,03:58,05:27,12:35,16:14,19:43,21:12
الكرك,2026-06-01,03:57,05:27,12:35,16:14,19:43,21:13
الكرك,2026-06-02,03:57,05:26,12:35,16:14,19:44,21:14
الكرك,2026-06-03,03:56,05:26,12:35,16:14,19:45,21:14
الكرك,2026-06-04,03:56,05:26,12:36,16:14,19:45,21:15
الكرك,2026-06-05,03:56,05:26,12:36,16:14,19:46,21:16
الكرك,2026-06-06,03:55,05:26,12:36,16:15,19:46,21:16
الكرك,2026-06-07,03:55,05:26,12:36,16:15,19:47,21:17
الكرك,2026-06-08,03:55,05:25,12:36,16:15,19:47,21:18
الكرك,2026-06-09,03:55,05:25,12:36,16:15,19:47,21:18
الكرك,2026-06-10,03:54,05:25,12:37,16:15,19:48,21:19
الكرك,2026-06-11,03:54,05:25,12:37,16:15,19:48,21:19
الكرك,2026-06-12,03:54,05:25,12:37,16:16,19:49,21:20
الكرك,2026-06-13,03:54,05:25,12:37,16:16,19:49,21:20
الكرك,2026-06-14,03:54,05:25,12:37,16:16,19:50,21:21
الكرك,2026-06-15,03:54,05:25,12:38,16:16,19:50,21:21
الكرك,2026-06-16,03:54,05:26,12:38,16:16,19:50,21:22
الكرك,2026-06-17,03:54,05:26,12:38,16:17,19:50,21:22
الكرك,2026-06-18,03:54,05:26,12:38,16:17,19:51,21:22
الكرك,2026-06-19,03:54,05:26,12:39,16:17,19:51,21:23
الكرك,2026-06-20,03:55,05:26,12:39,16:17,19:51,21:23
الكرك,2026-06-21,03:55,05:26,12:39,16:17,19:52,21:23
الكرك,2026-06-22,03:55,05:27,12:39,16:18,19:52,21:23
الكرك,2026-06-23,03:55,05:27,12:39,16:18,19:52,21:23
الكرك,2026-06-24,03:56,05:27,12:40,16:18,19:52,21:23
الكرك,2026-06-25,03:56,05:27,12:40,16:18,19:52,21:24
الكرك,2026-06-26,03:56,05:28,12:40,16:19,19:52,21:24
الكرك,2026-06-27,03:57,05:28,12:40,16:19,19:52,21:24
الكرك,2026-06-28,03:57,05:28,12:40,16:19,19:52,21:24
الكرك,2026-06-29,03:57,05:29,12:41,16:19,19:52,21:24
الكرك,2026-06-30,03:58,05:29,12:41,16:19,19:52,21:23
الكرك,2026-07-01,03:58,05:29,12:41,16:20,19:52,21:23
الكرك,2026-07-02,03:59,05:30,12:41,16:20,19:52,21:23
الكرك,2026-07-03,03:59,05:30,12:41,16:20,19:52,21:23
الكرك,2026-07-04,04:00,05:31,12:42,16:20,19:52,21:23
الكرك,2026-07-05,04:01,05:31,12:42,16:20,19:52,21:23
الكرك,2026-07-06,04:01,05:32,12:42,16:21,19:52,21:22
الكرك,2026-07-07,04:02,05:32,12:42,16:21,19:52,21:22
الكرك,2026-07-08,04:02,05:33,12:42,16:21,19:52,21:22
الكرك,2026-07-09,04:03,05:33,12:42,16:21,19:51,21:21
الكرك,2026-07-10,04:04,05:34,12:43,16:21,19:51,21:21
الكرك,2026-07-11,04:05,05:34,12:43,16:22,19:51,21:20
الكرك,2026-07-12,04:05,05:35,12:43,16:22,19:51,21:20
الكرك,2026-07-13,04:06,05:35,12:43,16:22,19:50,21:19
الكرك,2026-07-14,04:07,05:36,12:43,16:22,19:50,21:19
الكرك,2026-07-15,04:08,05:36,12:43,16:22,19:50,21:18
الكرك,2026-07-16,04:08,05:37,12:43,16:22,19:49,21:17
الكرك,2026-07-17,04:09,05:38,12:43,16:22,19:49,21:17
الكرك,2026-07-18,04:10,05:38,12:43,16:22,19:48,21:16
الكرك,2026-07-19,04:11,05:39,12:44,16:23,19:48,21:15
الكرك,2026-07-20,04:12,05:39,12:44,16:23,19:47,21:15
الكرك,2026-07-21,04:13,05:40,12:44,16:23,19:47,21:14
الكرك,2026-07-22,04:13,05:41,12:44,16:23,19:46,21:13
الكرك,2026-07-23,04:14,05:41,12:44,16:23,19:46,21:12
الكرك,2026-07-24,04:15,05:42,12:44,16:23,19:45,21:11
الكرك,2026-07-25,04:16,05:42,12:44,16:23,19:45,21:11
الكرك,2026-07-26,04:17,05:43,12:44,16:23,19:44,21:10
الكرك,2026-07-27,04:18,05:44,12:44,16:23,19:43,21:09
الكرك,2026-07-28,04:19,05:44,12:44,16:23,19:43,21:08
الكرك,2026-07-29,04:20,05:45,12:44,16:23,19:42,21:07
الكرك,2026-07-30,04:21,05:46,12:44,16:23,19:41,21:06
الكرك,2026-07-31,04:22,05:46,12:44,16:23,19:40,21:05
الكرك,2026-08-01,04:22,05:47,12:44,16:23,19:40,21:04
الكرك,2026-08-02,04:23,05:48,12:44,16:22,19:39,21:03
الكرك,2026-08-03,04:24,05:48,12:43,16:22,19:38,21:02
الكرك,2026-08-04,04:25,05:49,12:43,16:22,19:37,21:01
الكرك,2026-08-05,04:26,05:50,12:43,16:22,19:36,20:59
الكرك,2026-08-06,04:27,05:50,12:43,16:22,19:35,20:58
الكرك,2026-08-07,04:28,05:51,12:43,16:22,19:35,20:57
الكرك,2026-08-08,04:29,05:51,12:43,16:22,19:34,20:56
الكرك,2026-08-09,04:30,05:52,12:43,16:21,19:33,20:55
الكرك,2026-08-10,04:31,05:53,12:43,16:21,19:32,20:54
الكرك,2026-08-11,04:32,05:53,12:42,16:21,19:31,20:52
الكرك,2026-08-12,04:32,05:54,12:42,16:21,19:30,20:51
الكرك,2026-08-13,04:33,05:55,12:42,16:20,19:29,20:50
الكرك,2026-08-14,04:34,05:55,12:42,16:20,19:28,20:49
الكرك,2026-08-15,04:35,05:56,12:42,16:20,19:27,20:47
الكرك,2026-08-16,04:36,05:57,12:42,16:19,19:26,20:46
الكرك,2026-08-17,04:37,05:57,12:41,16:19,19:25,20:45
الكرك,2026-08-18,04:38,05:58,12:41,16:19,19:24,20:43
الكرك,2026-08-19,04:39,05:59,12:41,16:18,19:23,20:42
الكرك,2026-08-20,04:40,05:59,12:41,16:18,19:21,20:41
الكرك,2026-08-21,04:40,06:00,12:40,16:18,19:20,20:40
الكرك,2026-08-22,04:41,06:00,12:40,16:17,19:19,20:38
الكرك,2026-08-23,04:42,06:01,12:40,16:17,19:18,20:37
الكرك,2026-08-24,04:43,06:02,12:40,16:16,19:17,20:35
الكرك,2026-08-25,04:44,06:02,12:39,16:16,19:16,20:34
الكرك,2026-08-26,04:45,06:03,12:39,16:15,19:15,20:33
الكرك,2026-08-27,04:45,06:03,12:39,16:15,19:13,20:31
الكرك,2026-08-28,04:46,06:04,12:38,16:14,19:12,20:30
الكرك,2026-08-29,04:47,06:05,12:38,16:14,19:11,20:29
الكرك,2026-08-30,04:48,06:05,12:38,16:13,19:10,20:27
الكرك,2026-08-31,04:49,06:06,12:38,16:13,19:09,20:26
الكرك,2026-09-01,04:49,06:06,12:37,16:12,19:07,20:24
الكرك,2026-09-02,04:50,06:07,12:37,16:12,19:06,20:23
الكرك,2026-09-03,04:51,06:08,12:37,16:11,19:05,20:21
الكرك,2026-09-04,04:52,06:08,12:36,16:10,19:04,20:20
الكرك,2026-09-05,04:52,06:09,12:36,16:10,19:02,20:19
الكرك,2026-09-06,04:53,06:09,12:36,16:09,19:01,20:17
الكرك,2026-09-07,04:54,06:10,12:35,16:08,19:00,20:16
الكرك,2026-09-08,04:55,06:11,12:35,16:08,18:59,20:14
الكرك,2026-09-09,04:55,06:11,12:35,16:07,18:57,20:13
الكرك,2026-09-10,04:56,06:12,12:34,16:06,18:56,20:12
الكرك,2026-09-11,04:57,06:12,12:34,16:06,18:55,20:10
الكرك,2026-09-12,04:57,06:13,12:34,16:05,18:53,20:09
الكرك,2026-09-13,04:58,06:14,12:33,16:04,18:52,20:07
الكرك,2026-09-14,04:59,06:14,12:33,16:04,18:51,20:06
الكرك,2026-09-15,05:00,06:15,12:32,16:03,18:50,20:05
الكرك,2026-09-16,05:00,06:15,12:32,16:02,18:48,20:03
الكرك,2026-09-17,05:01,06:16,12:32,16:01,18:47,20:02
الكرك,2026-09-18,05:02,06:16,12:31,16:01,18:46,20:00
الكرك,2026-09-19,05:02,06:17,12:31,16:00,18:44,19:59
الكرك,2026-09-20,05:03,06:18,12:31,15:59,18:43,19:58
الكرك,2026-09-21,05:04,06:18,12:30,15:58,18:42,19:56
الكرك,2026-09-22,05:04,06:19,12:30,15:57,18:40,19:55
الكرك,2026-09-23,05:05,06:19,12:30,15:57,18:39,19:53
الكرك,2026-09-24,05:06,06:20,12:29,15:56,18:38,19:52
الكرك,2026-09-25,05:06,06:21,12:29,15:55,18:37,19:51
الكرك,2026-09-26,05:07,06:21,12:29,15:54,18:35,19:49
الكرك,2026-09-27,05:08,06:22,12:28,15:53,18:34,19:48
الكرك,2026-09-28,05:08,06:22,12:28,15:53,18:33,19:47
الكرك,2026-09-29,05:09,06:23,12:28,15:52,18:31,19:46
الكرك,2026-09-30,05:09,06:24,12:27,15:51,18:30,19:44
الكرك,2026-10-01,05:10,06:24,12:27,15:50,18:29,19:43
الكرك,2026-10-02,05:11,06:25,12:27,15:49,18:28,19:42
الكرك,2026-10-03,05:11,06:25,12:26,15:48,18:26,19:40
الكرك,2026-10-04,05:12,06:26,12:26,15:48,18:25,19:39
الكرك,2026-10-05,05:13,06:27,12:26,15:47,18:24,19:38
الكرك,2026-10-06,05:13,06:27,12:25,15:46,18:23,19:37
الكرك,2026-10-07,05:14,06:28,12:25,15:45,18:22,19:35
الكرك,2026-10-08,05:15,06:29,12:25,15:44,18:20,19:34
الكرك,2026-10-09,05:15,06:29,12:25,15:43,18:19,19:33
الكرك,2026-10-10,05:16,06:30,12:24,15:43,18:18,19:32
الكرك,2026-10-11,05:16,06:31,12:24,15:42,18:17,19:31
الكرك,2026-10-12,05:17,06:31,12:24,15:41,18:16,19:30
الكرك,2026-10-13,05:18,06:32,12:23,15:40,18:14,19:28
الكرك,2026-10-14,05:18,06:33,12:23,15:39,18:13,19:27
الكرك,2026-10-15,05:19,06:33,12:23,15:38,18:12,19:26
الكرك,2026-10-16,05:20,06:34,12:23,15:38,18:11,19:25
الكرك,2026-10-17,05:20,06:35,12:23,15:37,18:10,19:24
الكرك,2026-10-18,05:21,06:35,12:22,15:36,18:09,19:23
الكرك,2026-10-19,05:22,06:36,12:22,15:35,18:08,19:22
الكرك,2026-10-20,05:22,06:37,12:22,15:34,18:07,19:21
الكرك,2026-10-21,05:23,06:37,12:22,15:34,18:06,19:20
الكرك,2026-10-22,05:24,06:38,12:22,15:33,18:05,19:19
الكرك,2026-10-23,05:24,06:39,12:22,15:32,18:04,19:18
الكرك,2026-10-24,05:25,06:40,12:21,15:31,18:03,19:17
الكرك,2026-10-25,05:26,06:40,12:21,15:31,18:02,19:16
الكرك,2026-10-26,05:26,06:41,12:21,15:30,18:01,19:15
الكرك,2026-10-27,05:27,06:42,12:21,15:29,18:00,19:15
الكرك,2026-10-28,05:28,06:43,12:21,15:29,17:59,19:14
الكرك,2026-10-29,05:28,06:43,12:21,15:28,17:58,19:13
الكرك,2026-10-30,05:29,06:44,12:21,15:27,17:57,19:12
الكرك,2026-10-31,05:30,06:45,12:21,15:27,17:56,19:11
الكرك,2026-11-01,05:30,06:46,12:21,15:26,17:55,19:11
الكرك,2026-11-02,05:31,06:46,12:21,15:25,17:54,19:10
الكرك,2026-11-03,05:32,06:47,12:21,15:25,17:54,19:09
الكرك,2026-11-04,05:32,06:48,12:21,15:24,17:53,19:09
الكرك,2026-11-05,05:33,06:49,12:21,15:23,17:52,19:08
الكرك,2026-11-06,05:34,06:50,12:21,15:23,17:51,19:07
الكرك,2026-11-07,05:35,06:51,12:21,15:22,17:51,19:07
الكرك,2026-11-08,05:35,06:51,12:21,15:22,17:50,19:06
الكرك,2026-11-09,05:36,06:52,12:21,15:21,17:49,19:06
الكرك,2026-11-10,05:37,06:53,12:21,15:21,17:49,19:05
الكرك,2026-11-11,05:37,06:54,12:21,15:20,17:48,19:04
الكرك,2026-11-12,05:38,06:55,12:21,15:20,17:47,19:04
الكرك,2026-11-13,05:39,06:56,12:21,15:19,17:47,19:04
الكرك,2026-11-14,05:40,06:56,12:22,15:19,17:46,19:03
الكرك,2026-11-15,05:40,06:57,12:22,15:19,17:46,19:03
الكرك,2026-11-16,05:41,06:58,12:22,15:18,17:45,19:02
الكرك,2026-11-17,05:42,06:59,12:22,15:18,17:45,19:02
الكرك,2026-11-18,05:43,07:00,12:22,15:18,17:44,19:02
الكرك,2026-11-19,05:43,07:01,12:23,15:17,17:44,19:01
الكرك,2026-11-20,05:44,07:01,12:23,15:17,17:44,19:01
الكرك,2026-11-21,05:45,07:02,12:23,15:17,17:43,19:01
الكرك,2026-11-22,05:45,07:03,12:23,15:17,17:43,19:01
الكرك,2026-11-23,05:46,07:04,12:24,15:16,17:43,19:00
الكرك,2026-11-24,05:47,07:05,12:24,15:16,17:42,19:00
الكرك,2026-11-25,05:48,07:06,12:24,15:16,17:42,19:00
الكرك,2026-11-26,05:48,07:06,12:24,15:16,17:42,19:00
الكرك,2026-11-27,05:49,07:07,12:25,15:16,17:42,19:00
الكرك,2026-11-28,05:50,07:08,12:25,15:16,17:42,19:00
الكرك,2026-11-29,05:51,07:09,12:25,15:16,17:42,19:00
الكرك,2026-11-30,05:51,07:10,12:26,15:16,17:41,19:00
الكرك,2026-12-01,05:52,07:11,12:26,15:16,17:41,19:00
الكرك,2026-12-02,05:53,07:11,12:27,15:16,17:41,19:00
الكرك,2026-12-03,05:53,07:12,12:27,15:16,17:41,19:00
الكرك,2026-12-04,05:54,07:13,12:27,15:16,17:41,19:00
الكرك,2026-12-05,05:55,07:14,12:28,15:16,17:41,19:00
الكرك,2026-12-06,05:56,07:14,12:28,15:16,17:42,19:00
الكرك,2026-12-07,05:56,07:15,12:29,15:16,17:42,19:01
الكرك,2026-12-08,05:57,07:16,12:29,15:16,17:42,19:01
الكرك,2026-12-09,05:58,07:17,12:29,15:17,17:42,19:01
الكرك,2026-12-10,05:58,07:17,12:30,15:17,17:42,19:01
الكرك,2026-12-11,05:59,07:18,12:30,15:17,17:42,19:02
الكرك,2026-12-12,06:00,07:19,12:31,15:17,17:43,19:02
الكرك,2026-12-13,06:00,07:19,12:31,15:18,17:43,19:02
الكرك,2026-12-14,06:01,07:20,12:32,15:18,17:43,19:03
الكرك,2026-12-15,06:01,07:21,12:32,15:18,17:44,19:03
الكرك,2026-12-16,06:02,07:21,12:33,15:19,17:44,19:03
الكرك,2026-12-17,06:03,07:22,12:33,15:19,17:44,19:04
الكرك,2026-12-18,06:03,07:23,12:34,15:19,17:45,19:04
الكرك,2026-12-19,06:04,07:23,12:34,15:20,17:45,19:05
الكرك,2026-12-20,06:04,07:24,12:35,15:20,17:46,19:05
الكرك,2026-12-21,06:05,07:24,12:35,15:21,17:46,19:06
الكرك,2026-12-22,06:05,07:25,12:36,15:21,17:47,19:06
الكرك,2026-12-23,06:06,07:25,12:36,15:22,17:47,19:07
الكرك,2026-12-24,06:06,07:26,12:37,15:22,17:48,19:07
الكرك,2026-12-25,06:07,07:26,12:37,15:23,17:48,19:08
الكرك,2026-12-26,06:07,07:26,12:38,15:24,17:49,19:08
الكرك,2026-12-27,06:07,07:27,12:38,15:24,17:49,19:09
الكرك,2026-12-28,06:08,07:27,12:39,15:25,17:50,19:09
الكرك,2026-12-29,06:08,07:28,12:39,15:25,17:51,19:10
الكرك,2026-12-30,06:09,07:28,12:40,15:26,17:51,19:11
الكرك,2026-12-31,06:09,07:28,12:40,15:27,17:52,19:11
المفرق,2026-03-12,05:27,06:44,12:45,16:08,18:47,20:02
المفرق,2026-03-13,05:26,06:43,12:45,16:08,18:48,20:03
المفرق,2026-03-14,05:25,06:42,12:44,16:09,18:49,20:04
المفرق,2026-03-15,05:23,06:40,12:44,16:09,18:49,20:05
المفرق,2026-03-16,05:22,06:39,12:44,16:09,18:50,20:05
المفرق,2026-03-17,05:21,06:38,12:44,16:09,18:51,20:06
المفرق,2026-03-18,05:19,06:36,12:43,16:10,18:51,20:07
المفرق,2026-03-19,05:18,06:35,12:43,16:10,18:52,20:08
المفرق,2026-03-20,05:17,06:34,12:43,16:10,18:53,20:09
المفرق,2026-03-21,05:15,06:33,12:42,16:10,18:54,20:09
المفرق,2026-03-22,05:14,06:31,12:42,16:11,18:54,20:10
المفرق,2026-03-23,05:13,06:30,12:42,16:11,18:55,20:11
المفرق,2026-03-24,05:11,06:29,12:41,16:11,18:56,20:12
المفرق,2026-03-25,05:10,06:27,12:41,16:11,18:56,20:12
المفرق,2026-03-26,05:08,06:26,12:41,16:11,18:57,20:13
المفرق,2026-03-27,05:07,06:25,12:41,16:11,18:58,20:14
المفرق,2026-03-28,05:06,06:23,12:40,16:11,18:58,20:15
المفرق,2026-03-29,05:04,06:22,12:40,16:12,18:59,20:16
المفرق,2026-03-30,05:03,06:21,12:40,16:12,19:00,20:17
المفرق,2026-03-31,05:01,06:20,12:39,16:12,19:01,20:17
المفرق,2026-04-01,05:00,06:18,12:39,16:12,19:01,20:18
المفرق,2026-04-02,04:58,06:17,12:39,16:12,19:02,20:19
المفرق,2026-04-03,04:57,06:16,12:38,16:12,19:03,20:20
المفرق,2026-04-04,04:56,06:14,12:38,16:12,19:03,20:21
المفرق,2026-04-05,04:54,06:13,12:38,16:12,19:04,20:22
المفرق,2026-04-06,04:53,06:12,12:38,16:12,19:05,20:22
المفرق,2026-04-07,04:51,06:11,12:37,16:12,19:05,20:23
المفرق,2026-04-08,04:50,06:09,12:37,16:12,19:06,20:24
المفرق,2026-04-09,04:48,06:08,12:37,16:12,19:07,20:25
المفرق,2026-04-10,04:47,06:07,12:37,16:12,19:08,20:26
المفرق,2026-04-11,04:46,06:06,12:36,16:12,19:08,20:27
المفرق,2026-04-12,04:44,06:04,12:36,16:13,19:09,20:28
المفرق,2026-04-13,04:43,06:03,12:36,16:13,19:10,20:29
المفرق,2026-04-14,04:41,06:02,12:35,16:13,19:10,20:30
المفرق,2026-04-15,04:40,06:01,12:35,16:13,19:11,20:31
المفرق,2026-04-16,04:38,06:00,12:35,16:13,19:12,20:31
المفرق,2026-04-17,04:37,05:58,12:35,16:13,19:13,20:32
المفرق,2026-04-18,04:36,05:57,12:35,16:13,19:13,20:33
المفرق,2026-04-19,04:34,05:56,12:34,16:13,19:14,20:34
المفرق,2026-04-20,04:33,05:55,12:34,16:13,19:15,20:35
المفرق,2026-04-21,04:31,05:54,12:34,16:13,19:15,20:36
المفرق,2026-04-22,04:30,05:53,12:34,16:13,19:16,20:37
المفرق,2026-04-23,04:29,05:52,12:34,16:13,19:17,20:38
المفرق,2026-04-24,04:27,05:50,12:33,16:13,19:18,20:39
المفرق,2026-04-25,04:26,05:49,12:33,16:13,19:18,20:40
المفرق,2026-04-26,04:25,05:48,12:33,16:13,19:19,20:41
المفرق,2026-04-27,04:23,05:47,12:33,16:13,19:20,20:42
المفرق,2026-04-28,04:22,05:46,12:33,16:13,19:21,20:43
المفرق,2026-04-29,04:21,05:45,12:33,16:13,19:21,20:44
المفرق,2026-04-30,04:20,05:44,12:32,16:13,19:22,20:45
المفرق,2026-05-01,04:18,05:43,12:32,16:13,19:23,20:46
المفرق,2026-05-02,04:17,05:42,12:32,16:13,19:23,20:47
المفرق,2026-05-03,04:16,05:41,12:32,16:13,19:24,20:48
المفرق,2026-05-04,04:15,05:40,12:32,16:13,19:25,20:49
المفرق,2026-05-05,04:13,05:39,12:32,16:13,19:26,20:50
المفرق,2026-05-06,04:12,05:39,12:32,16:13,19:26,20:51
المفرق,2026-05-07,04:11,05:38,12:32,16:13,19:27,20:52
المفرق,2026-05-08,04:10,05:37,12:32,16:13,19:28,20:53
المفرق,2026-05-09,04:09,05:36,12:32,16:13,19:29,20:54
المفرق,2026-05-10,04:08,05:35,12:32,16:13,19:29,20:55
المفرق,2026-05-11,04:07,05:34,12:32,16:13,19:30,20:56
المفرق,2026-05-12,04:06,05:34,12:32,16:13,19:31,20:57
المفرق,2026-05-13,04:05,05:33,12:32,16:13,19:32,20:58
المفرق,2026-05-14,04:04,05:32,12:32,16:13,19:32,20:59
المفرق,2026-05-15,04:03,05:31,12:32,16:13,19:33,21:00
المفرق,2026-05-16,04:02,05:31,12:32,16:13,19:34,21:01
المفرق,2026-05-17,04:01,05:30,12:32,16:13,19:34,21:02
المفرق,2026-05-18,04:00,05:29,12:32,16:13,19:35,21:03
المفرق,2026-05-19,03:59,05:29,12:32,16:13,19:36,21:04
المفرق,2026-05-20,03:58,05:28,12:32,16:13,19:36,21:05
المفرق,2026-05-21,03:57,05:28,12:32,16:13,19:37,21:06
المفرق,2026-05-22,03:56,05:27,12:32,16:13,19:38,21:07
المفرق,2026-05-23,03:55,05:27,12:32,16:14,19:39,21:08
المفرق,2026-05-24,03:55,05:26,12:32,16:14,19:39,21:09
المفرق,2026-05-25,03:54,05:26,12:32,16:14,19:40,21:10
المفرق,2026-05-26,03:53,05:25,12:32,16:14,19:40,21:11
المفرق,2026-05-27,03:53,05:25,12:32,16:14,19:41,21:12
المفرق,2026-05-28,03:52,05:24,12:32,16:14,19:42,21:13
المفرق,2026-05-29,03:51,05:24,12:33,16:14,19:42,21:14
المفرق,2026-05-30,03:51,05:24,12:33,16:14,19:43,21:14
المفرق,2026-05-31,03:50,05:23,12:33,16:14,19:44,21:15
المفرق,2026-06-01,03:50,05:23,12:33,16:15,19:44,21:16
المفرق,2026-06-02,03:49,05:23,12:33,16:15,19:45,21:17
المفرق,2026-06-03,03:49,05:23,12:33,16:15,19:45,21:18
المفرق,2026-06-04,03:48,05:22,12:34,16:15,19:46,21:18
المفرق,2026-06-05,03:48,05:22,12:34,16:15,19:46,21:19
المفرق,2026-06-06,03:48,05:22,12:34,16:15,19:47,21:20
المفرق,2026-06-07,03:47,05:22,12:34,16:16,19:47,21:20
المفرق,2026-06-08,03:47,05:22,12:34,16:16,19:48,21:21
المفرق,2026-06-09,03:47,05:22,12:34,16:16,19:48,21:22
المفرق,2026-06-10,03:47,05:22,12:35,16:16,19:49,21:22
المفرق,2026-06-11,03:46,05:22,12:35,16:16,19:49,21:23
المفرق,2026-06-12,03:46,05:22,12:35,16:16,19:50,21:23
المفرق,2026-06-13,03:46,05:22,12:35,16:17,19:50,21:24
المفرق,2026-06-14,03:46,05:22,12:35,16:17,19:50,21:24
المفرق,2026-06-15,03:46,05:22,12:36,16:17,19:51,21:25
المفرق,2026-06-16,03:46,05:22,12:36,16:17,19:51,21:25
المفرق,2026-06-17,03:46,05:22,12:36,16:18,19:51,21:25
المفرق,2026-06-18,03:46,05:22,12:36,16:18,19:52,21:26
المفرق,2026-06-19,03:46,05:22,12:37,16:18,19:52,21:26
المفرق,2026-06-20,03:47,05:22,12:37,16:18,19:52,21:26
المفرق,2026-06-21,03:47,05:23,12:37,16:18,19:52,21:26
المفرق,2026-06-22,03:47,05:23,12:37,16:19,19:53,21:27
المفرق,2026-06-23,03:47,05:23,12:37,16:19,19:53,21:27
المفرق,2026-06-24,03:48,05:23,12:38,16:19,19:53,21:27
المفرق,2026-06-25,03:48,05:24,12:38,16:19,19:53,21:27
المفرق,2026-06-26,03:48,05:24,12:38,16:19,19:53,21:27
المفرق,2026-06-27,03:49,05:24,12:38,16:20,19:53,21:27
المفرق,2026-06-28,03:49,05:25,12:38,16:20,19:53,21:27
المفرق,2026-06-29,03:49,05:25,12:39,16:20,19:53,21:27
المفرق,2026-06-30,03:50,05:25,12:39,16:20,19:53,21:27
المفرق,2026-07-01,03:50,05:26,12:39,16:20,19:53,21:27
المفرق,2026-07-02,03:51,05:26,12:39,16:21,19:53,21:26
المفرق,2026-07-03,03:52,05:27,12:39,16:21,19:53,21:26
المفرق,2026-07-04,03:52,05:27,12:40,16:21,19:53,21:26
المفرق,2026-07-05,03:53,05:28,12:40,16:21,19:53,21:26
المفرق,2026-07-06,03:53,05:28,12:40,16:21,19:53,21:25
المفرق,2026-07-07,03:54,05:28,12:40,16:22,19:53,21:25
المفرق,2026-07-08,03:55,05:29,12:40,16:22,19:52,21:25
المفرق,2026-07-09,03:55,05:30,12:40,16:22,19:52,21:24
المفرق,2026-07-10,03:56,05:30,12:41,16:22,19:52,21:24
المفرق,2026-07-11,03:57,05:31,12:41,16:22,19:52,21:23
المفرق,2026-07-12,03:58,05:31,12:41,16:22,19:51,21:23
المفرق,2026-07-13,03:59,05:32,12:41,16:23,19:51,21:22
المفرق,2026-07-14,03:59,05:32,12:41,16:23,19:51,21:22
المفرق,2026-07-15,04:00,05:33,12:41,16:23,19:50,21:21
المفرق,2026-07-16,04:01,05:34,12:41,16:23,19:50,21:20
المفرق,2026-07-17,04:02,05:34,12:41,16:23,19:49,21:20
المفرق,2026-07-18,04:03,05:35,12:41,16:23,19:49,21:19
المفرق,2026-07-19,04:04,05:35,12:42,16:23,19:48,21:18
المفرق,2026-07-20,04:04,05:36,12:42,16:23,19:48,21:17
المفرق,2026-07-21,04:05,05:37,12:42,16:23,19:47,21:16
المفرق,2026-07-22,04:06,05:37,12:42,16:23,19:47,21:16
المفرق,2026-07-23,04:07,05:38,12:42,16:23,19:46,21:15
المفرق,2026-07-24,04:08,05:39,12:42,16:23,19:46,21:14
المفرق,2026-07-25,04:09,05:39,12:42,16:23,19:45,21:13
المفرق,2026-07-26,04:10,05:40,12:42,16:23,19:44,21:12
المفرق,2026-07-27,04:11,05:41,12:42,16:23,19:43,21:11
المفرق,2026-07-28,04:12,05:41,12:42,16:23,19:43,21:10
المفرق,2026-07-29,04:13,05:42,12:42,16:23,19:42,21:09
المفرق,2026-07-30,04:14,05:43,12:42,16:23,19:41,21:08
المفرق,2026-07-31,04:15,05:43,12:42,16:23,19:41,21:07
المفرق,2026-08-01,04:16,05:44,12:42,16:23,19:40,21:06
المفرق,2026-08-02,04:17,05:45,12:41,16:23,19:39,21:05
المفرق,2026-08-03,04:18,05:45,12:41,16:22,19:38,21:04
المفرق,2026-08-04,04:19,05:46,12:41,16:22,19:37,21:02
المفرق,2026-08-05,04:20,05:47,12:41,16:22,19:36,21:01
المفرق,2026-08-06,04:21,05:47,12:41,16:22,19:35,21:00
المفرق,2026-08-07,04:22,05:48,12:41,16:22,19:34,20:59
المفرق,2026-08-08,04:23,05:49,12:41,16:21,19:34,20:58
المفرق,2026-08-09,04:24,05:49,12:41,16:21,19:33,20:56
المفرق,2026-08-10,04:25,05:50,12:41,16:21,19:32,20:55
المفرق,2026-08-11,04:25,05:51,12:40,16:21,19:31,20:54
المفرق,2026-08-12,04:26,05:51,12:40,16:20,19:30,20:53
المفرق,2026-08-13,04:27,05:52,12:40,16:20,19:29,20:51
المفرق,2026-08-14,04:28,05:53,12:40,16:20,19:27,20:50
المفرق,2026-08-15,04:29,05:53,12:40,16:19,19:26,20:49
المفرق,2026-08-16,04:30,05:54,12:40,16:19,19:25,20:47
المفرق,2026-08-17,04:31,05:55,12:39,16:19,19:24,20:46
المفرق,2026-08-18,04:32,05:55,12:39,16:18,19:23,20:45
المفرق,2026-08-19,04:33,05:56,12:39,16:18,19:22,20:43
المفرق,2026-08-20,04:34,05:57,12:39,16:17,19:21,20:42
المفرق,2026-08-21,04:35,05:57,12:38,16:17,19:20,20:40
المفرق,2026-08-22,04:36,05:58,12:38,16:17,19:19,20:39
المفرق,2026-08-23,04:37,05:59,12:38,16:16,19:17,20:38
المفرق,2026-08-24,04:38,05:59,12:38,16:16,19:16,20:36
المفرق,2026-08-25,04:38,06:00,12:37,16:15,19:15,20:35
المفرق,2026-08-26,04:39,06:01,12:37,16:14,19:14,20:33
المفرق,2026-08-27,04:40,06:01,12:37,16:14,19:13,20:32
المفرق,2026-08-28,04:41,06:02,12:36,16:13,19:11,20:30
المفرق,2026-08-29,04:42,06:03,12:36,16:13,19:10,20:29
المفرق,2026-08-30,04:43,06:03,12:36,16:12,19:09,20:27
المفرق,2026-08-31,04:44,06:04,12:36,16:12,19:08,20:26
المفرق,2026-09-01,04:44,06:05,12:35,16:11,19:06,20:25
المفرق,2026-09-02,04:45,06:05,12:35,16:10,19:05,20:23
المفرق,2026-09-03,04:46,06:06,12:35,16:10,19:04,20:22
المفرق,2026-09-04,04:47,06:06,12:34,16:09,19:02,20:20
المفرق,2026-09-05,04:48,06:07,12:34,16:08,19:01,20:19
المفرق,2026-09-06,04:48,06:08,12:34,16:08,19:00,20:17
المفرق,2026-09-07,04:49,06:08,12:33,16:07,18:58,20:16
المفرق,2026-09-08,04:50,06:09,12:33,16:06,18:57,20:14
المفرق,2026-09-09,04:51,06:10,12:33,16:06,18:56,20:13
المفرق,2026-09-10,04:52,06:10,12:32,16:05,18:55,20:11
المفرق,2026-09-11,04:52,06:11,12:32,16:04,18:53,20:10
المفرق,2026-09-12,04:53,06:12,12:32,16:03,18:52,20:08
المفرق,2026-09-13,04:54,06:12,12:31,16:03,18:51,20:07
المفرق,2026-09-14,04:55,06:13,12:31,16:02,18:49,20:05
المفرق,2026-09-15,04:55,06:13,12:30,16:01,18:48,20:04
المفرق,2026-09-16,04:56,06:14,12:30,16:00,18:47,20:03
المفرق,2026-09-17,04:57,06:15,12:30,16:00,18:45,20:01
المفرق,2026-09-18,04:58,06:15,12:29,15:59,18:44,20:00
المفرق,2026-09-19,04:58,06:16,12:29,15:58,18:42,19:58
المفرق,2026-09-20,04:59,06:17,12:29,15:57,18:41,19:57
المفرق,2026-09-21,05:00,06:17,12:28,15:56,18:40,19:55
المفرق,2026-09-22,05:00,06:18,12:28,15:55,18:38,19:54
المفرق,2026-09-23,05:01,06:18,12:28,15:55,18:37,19:53
المفرق,2026-09-24,05:02,06:19,12:27,15:54,18:36,19:51
المفرق,2026-09-25,05:03,06:20,12:27,15:53,18:34,19:50
المفرق,2026-09-26,05:03,06:20,12:27,15:52,18:33,19:48
المفرق,2026-09-27,05:04,06:21,12:26,15:51,18:32,19:47
المفرق,2026-09-28,05:05,06:22,12:26,15:50,18:30,19:46
المفرق,2026-09-29,05:05,06:22,12:26,15:49,18:29,19:44
المفرق,2026-09-30,05:06,06:23,12:25,15:49,18:28,19:43
المفرق,2026-10-01,05:07,06:24,12:25,15:48,18:27,19:42
المفرق,2026-10-02,05:07,06:24,12:25,15:47,18:25,19:40
المفرق,2026-10-03,05:08,06:25,12:24,15:46,18:24,19:39
المفرق,2026-10-04,05:09,06:26,12:24,15:45,18:23,19:38
المفرق,2026-10-05,05:09,06:26,12:24,15:44,18:21,19:36
المفرق,2026-10-06,05:10,06:27,12:23,15:43,18:20,19:35
المفرق,2026-10-07,05:11,06:28,12:23,15:42,18:19,19:34
المفرق,2026-10-08,05:11,06:28,12:23,15:42,18:18,19:33
المفرق,2026-10-09,05:12,06:29,12:22,15:41,18:16,19:31
المفرق,2026-10-10,05:13,06:30,12:22,15:40,18:15,19:30
المفرق,2026-10-11,05:14,06:30,12:22,15:39,18:14,19:29
المفرق,2026-10-12,05:14,06:31,12:22,15:38,18:13,19:28
المفرق,2026-10-13,05:15,06:32,12:21,15:37,18:12,19:27
المفرق,2026-10-14,05:16,06:33,12:21,15:36,18:10,19:26
المفرق,2026-10-15,05:16,06:33,12:21,15:35,18:09,19:24
المفرق,2026-10-16,05:17,06:34,12:21,15:35,18:08,19:23
المفرق,2026-10-17,05:18,06:35,12:21,15:34,18:07,19:22
المفرق,2026-10-18,05:18,06:35,12:20,15:33,18:06,19:21
المفرق,2026-10-19,05:19,06:36,12:20,15:32,18:05,19:20
المفرق,2026-10-20,05:20,06:37,12:20,15:31,18:03,19:19
المفرق,2026-10-21,05:20,06:38,12:20,15:30,18:02,19:18
المفرق,2026-10-22,05:21,06:38,12:20,15:30,18:01,19:17
المفرق,2026-10-23,05:22,06:39,12:20,15:29,18:00,19:16
المفرق,2026-10-24,05:23,06:40,12:19,15:28,17:59,19:15
المفرق,2026-10-25,05:23,06:41,12:19,15:27,17:58,19:14
المفرق,2026-10-26,05:24,06:42,12:19,15:27,17:57,19:13
المفرق,2026-10-27,05:25,06:42,12:19,15:26,17:56,19:12
المفرق,2026-10-28,05:25,06:43,12:19,15:25,17:55,19:11
المفرق,2026-10-29,05:26,06:44,12:19,15:24,17:54,19:10
المفرق,2026-10-30,05:27,06:45,12:19,15:24,17:53,19:10
المفرق,2026-10-31,05:28,06:46,12:19,15:23,17:52,19:09
المفرق,2026-11-01,05:28,06:46,12:19,15:22,17:52,19:08
المفرق,2026-11-02,05:29,06:47,12:19,15:22,17:51,19:07
المفرق,2026-11-03,05:30,06:48,12:19,15:21,17:50,19:07
المفرق,2026-11-04,05:30,06:49,12:19,15:20,17:49,19:06
المفرق,2026-11-05,05:31,06:50,12:19,15:20,17:48,19:05
المفرق,2026-11-06,05:32,06:51,12:19,15:19,17:47,19:04
المفرق,2026-11-07,05:33,06:52,12:19,15:19,17:47,19:04
المفرق,2026-11-08,05:33,06:52,12:19,15:18,17:46,19:03
المفرق,2026-11-09,05:34,06:53,12:19,15:17,17:45,19:03
المفرق,2026-11-10,05:35,06:54,12:19,15:17,17:45,19:02
المفرق,2026-11-11,05:36,06:55,12:19,15:16,17:44,19:02
المفرق,2026-11-12,05:36,06:56,12:19,15:16,17:43,19:01
المفرق,2026-11-13,05:37,06:57,12:19,15:15,17:43,19:01
المفرق,2026-11-14,05:38,06:58,12:20,15:15,17:42,19:00
المفرق,2026-11-15,05:39,06:59,12:20,15:15,17:42,19:00
المفرق,2026-11-16,05:40,06:59,12:20,15:14,17:41,18:59
المفرق,2026-11-17,05:40,07:00,12:20,15:14,17:41,18:59
المفرق,2026-11-18,05:41,07:01,12:20,15:13,17:40,18:59
المفرق,2026-11-19,05:42,07:02,12:21,15:13,17:40,18:58
المفرق,2026-11-20,05:43,07:03,12:21,15:13,17:39,18:58
المفرق,2026-11-21,05:43,07:04,12:21,15:13,17:39,18:58
المفرق,2026-11-22,05:44,07:05,12:21,15:12,17:38,18:57
المفرق,2026-11-23,05:45,07:06,12:22,15:12,17:38,18:57
المفرق,2026-11-24,05:46,07:06,12:22,15:12,17:38,18:57
المفرق,2026-11-25,05:46,07:07,12:22,15:12,17:38,18:57
المفرق,2026-11-26,05:47,07:08,12:22,15:11,17:37,18:57
المفرق,2026-11-27,05:48,07:09,12:23,15:11,17:37,18:57
المفرق,2026-11-28,05:49,07:10,12:23,15:11,17:37,18:57
المفرق,2026-11-29,05:49,07:11,12:23,15:11,17:37,18:56
المفرق,2026-11-30,05:50,07:12,12:24,15:11,17:37,18:56
المفرق,2026-12-01,05:51,07:12,12:24,15:11,17:37,18:56
المفرق,2026-12-02,05:52,07:13,12:25,15:11,17:37,18:56
المفرق,2026-12-03,05:52,07:14,12:25,15:11,17:37,18:57
المفرق,2026-12-04,05:53,07:15,12:25,15:11,17:37,18:57
المفرق,2026-12-05,05:54,07:16,12:26,15:11,17:37,18:57
المفرق,2026-12-06,05:54,07:16,12:26,15:11,17:37,18:57
المفرق,2026-12-07,05:55,07:17,12:27,15:12,17:37,18:57
المفرق,2026-12-08,05:56,07:18,12:27,15:12,17:37,18:57
المفرق,2026-12-09,05:57,07:19,12:27,15:12,17:37,18:57
المفرق,2026-12-10,05:57,07:19,12:28,15:12,17:37,18:58
المفرق,2026-12-11,05:58,07:20,12:28,15:12,17:37,18:58
المفرق,2026-12-12,05:59,07:21,12:29,15:13,17:38,18:58
المفرق,2026-12-13,05:59,07:22,12:29,15:13,17:38,18:59
المفرق,2026-12-14,06:00,07:22,12:30,15:13,17:38,18:59
المفرق,2026-12-15,06:00,07:23,12:30,15:14,17:39,18:59
المفرق,2026-12-16,06:01,07:24,12:31,15:14,17:39,19:00
المفرق,2026-12-17,06:02,07:24,12:31,15:14,17:39,19:00
المفرق,2026-12-18,06:02,07:25,12:32,15:15,17:40,19:00
المفرق,2026-12-19,06:03,07:25,12:32,15:15,17:40,19:01
المفرق,2026-12-20,06:03,07:26,12:33,15:16,17:41,19:01
المفرق,2026-12-21,06:04,07:26,12:33,15:16,17:41,19:02
المفرق,2026-12-22,06:04,07:27,12:34,15:17,17:41,19:02
المفرق,2026-12-23,06:05,07:27,12:34,15:17,17:42,19:03
المفرق,2026-12-24,06:05,07:28,12:35,15:18,17:43,19:03
المفرق,2026-12-25,06:06,07:28,12:35,15:18,17:43,19:04
المفرق,2026-12-26,06:06,07:29,12:36,15:19,17:44,19:05
المفرق,2026-12-27,06:06,07:29,12:36,15:19,17:44,19:05
المفرق,2026-12-28,06:07,07:29,12:37,15:20,17:45,19:06
المفرق,2026-12-29,06:07,07:30,12:37,15:21,17:46,19:06
المفرق,2026-12-30,06:08,07:30,12:38,15:21,17:46,19:07
المفرق,2026-12-31,06:08,07:30,12:38,15:22,17:47,19:08
جرش وعجلون,2026-03-12,05:29,06:45,12:47,16:10,18:49,20:04
جرش وعجلون,2026-03-13,05:28,06:43,12:46,16:10,18:49,20:05
جرش وعجلون,2026-03-14,05:27,06:42,12:46,16:10,18:50,20:05
جرش وعجلون,2026-03-15,05:25,06:41,12:46,16:11,18:51,20:06
جرش وعجلون,2026-03-16,05:24,06:39,12:45,16:11,18:52,20:07
جرش وعجلون,2026-03-17,05:23,06:38,12:45,16:11,18:52,20:08
جرش وعجلون,2026-03-18,05:21,06:37,12:45,16:11,18:53,20:08
جرش وعجلون,2026-03-19,05:20,06:36,12:45,16:12,18:54,20:09
جرش وعجلون,2026-03-20,05:19,06:34,12:44,16:12,18:54,20:10
جرش وعجلون,2026-03-21,05:17,06:33,12:44,16:12,18:55,20:11
جرش وعجلون,2026-03-22,05:16,06:32,12:44,16:12,18:56,20:12
جرش وعجلون,2026-03-23,05:14,06:30,12:43,16:12,18:56,20:12
جرش وعجلون,2026-03-24,05:13,06:29,12:43,16:12,18:57,20:13
جرش وعجلون,2026-03-25,05:12,06:28,12:43,16:13,18:58,20:14
جرش وعجلون,2026-03-26,05:10,06:27,12:42,16:13,18:59,20:15
جرش وعجلون,2026-03-27,05:09,06:25,12:42,16:13,18:59,20:16
جرش وعجلون,2026-03-28,05:07,06:24,12:42,16:13,19:00,20:16
جرش وعجلون,2026-03-29,05:06,06:23,12:42,16:13,19:01,20:17
جرش وعجلون,2026-03-30,05:05,06:21,12:41,16:13,19:01,20:18
جرش وعجلون,2026-03-31,05:03,06:20,12:41,16:13,19:02,20:19
جرش وعجلون,2026-04-01,05:02,06:19,12:41,16:13,19:03,20:20
جرش وعجلون,2026-04-02,05:00,06:18,12:40,16:14,19:03,20:21
جرش وعجلون,2026-04-03,04:59,06:16,12:40,16:14,19:04,20:21
جرش وعجلون,2026-04-04,04:57,06:15,12:40,16:14,19:05,20:22
جرش وعجلون,2026-04-05,04:56,06:14,12:39,16:14,19:05,20:23
جرش وعجلون,2026-04-06,04:55,06:12,12:39,16:14,19:06,20:24
جرش وعجلون,2026-04-07,04:53,06:11,12:39,16:14,19:07,20:25
جرش وعجلون,2026-04-08,04:52,06:10,12:39,16:14,19:08,20:26
جرش وعجلون,2026-04-09,04:50,06:09,12:38,16:14,19:08,20:27
جرش وعجلون,2026-04-10,04:49,06:07,12:38,16:14,19:09,20:27
جرش وعجلون,2026-04-11,04:47,06:06,12:38,16:14,19:10,20:28
جرش وعجلون,2026-04-12,04:46,06:05,12:38,16:14,19:10,20:29
جرش وعجلون,2026-04-13,04:45,06:04,12:37,16:14,19:11,20:30
جرش وعجلون,2026-04-14,04:43,06:03,12:37,16:14,19:12,20:31
جرش وعجلون,2026-04-15,04:42,06:01,12:37,16:14,19:13,20:32
جرش وعجلون,2026-04-16,04:40,06:00,12:37,16:14,19:13,20:33
جرش وعجلون,2026-04-17,04:39,05:59,12:36,16:14,19:14,20:34
جرش وعجلون,2026-04-18,04:38,05:58,12:36,16:14,19:15,20:35
جرش وعجلون,2026-04-19,04:36,05:57,12:36,16:14,19:15,20:36
جرش وعجلون,2026-04-20,04:35,05:56,12:36,16:14,19:16,20:37
جرش وعجلون,2026-04-21,04:33,05:54,12:35,16:14,19:17,20:38
جرش وعجلون,2026-04-22,04:32,05:53,12:35,16:14,19:18,20:39
جرش وعجلون,2026-04-23,04:31,05:52,12:35,16:14,19:18,20:40
جرش وعجلون,2026-04-24,04:29,05:51,12:35,16:14,19:19,20:41
جرش وعجلون,2026-04-25,04:28,05:50,12:35,16:14,19:20,20:42
جرش وعجلون,2026-04-26,04:27,05:49,12:35,16:14,19:20,20:43
جرش وعجلون,2026-04-27,04:25,05:48,12:34,16:14,19:21,20:44
جرش وعجلون,2026-04-28,04:24,05:47,12:34,16:14,19:22,20:45
جرش وعجلون,2026-04-29,04:23,05:46,12:34,16:14,19:23,20:46
جرش وعجلون,2026-04-30,04:22,05:45,12:34,16:14,19:23,20:47
جرش وعجلون,2026-05-01,04:20,05:44,12:34,16:14,19:24,20:48
جرش وعجلون,2026-05-02,04:19,05:43,12:34,16:14,19:25,20:49
جرش وعجلون,2026-05-03,04:18,05:42,12:34,16:14,19:26,20:50
جرش وعجلون,2026-05-04,04:17,05:41,12:34,16:14,19:26,20:51
جرش وعجلون,2026-05-05,04:15,05:40,12:33,16:14,19:27,20:52
جرش وعجلون,2026-05-06,04:14,05:39,12:33,16:14,19:28,20:53
جرش وعجلون,2026-05-07,04:13,05:38,12:33,16:14,19:28,20:54
جرش وعجلون,2026-05-08,04:12,05:37,12:33,16:14,19:29,20:55
جرش وعجلون,2026-05-09,04:11,05:37,12:33,16:14,19:30,20:56
جرش وعجلون,2026-05-10,04:10,05:36,12:33,16:14,19:31,20:57
جرش وعجلون,2026-05-11,04:09,05:35,12:33,16:14,19:31,20:58
جرش وعجلون,2026-05-12,04:08,05:34,12:33,16:14,19:32,20:59
جرش وعجلون,2026-05-13,04:07,05:33,12:33,16:14,19:33,21:00
جرش وعجلون,2026-05-14,04:06,05:33,12:33,16:14,19:34,21:01
جرش وعجلون,2026-05-15,04:05,05:32,12:33,16:14,19:34,21:02
جرش وعجلون,2026-05-16,04:04,05:31,12:33,16:15,19:35,21:03
جرش وعجلون,2026-05-17,04:03,05:31,12:33,16:15,19:36,21:04
جرش وعجلون,2026-05-18,04:02,05:30,12:33,16:15,19:36,21:05
جرش وعجلون,2026-05-19,04:01,05:29,12:33,16:15,19:37,21:06
جرش وعجلون,2026-05-20,04:00,05:29,12:33,16:15,19:38,21:07
جرش وعجلون,2026-05-21,03:59,05:28,12:33,16:15,19:39,21:08
جرش وعجلون,2026-05-22,03:58,05:28,12:33,16:15,19:39,21:09
جرش وعجلون,2026-05-23,03:57,05:27,12:34,16:15,19:40,21:10
جرش وعجلون,2026-05-24,03:57,05:27,12:34,16:15,19:41,21:10
جرش وعجلون,2026-05-25,03:56,05:26,12:34,16:15,19:41,21:11
جرش وعجلون,2026-05-26,03:55,05:26,12:34,16:15,19:42,21:12
جرش وعجلون,2026-05-27,03:55,05:25,12:34,16:15,19:42,21:13
جرش وعجلون,2026-05-28,03:54,05:25,12:34,16:16,19:43,21:14
جرش وعجلون,2026-05-29,03:53,05:25,12:34,16:16,19:44,21:15
جرش وعجلون,2026-05-30,03:53,05:24,12:34,16:16,19:44,21:16
جرش وعجلون,2026-05-31,03:52,05:24,12:34,16:16,19:45,21:17
جرش وعجلون,2026-06-01,03:52,05:24,12:35,16:16,19:45,21:17
جرش وعجلون,2026-06-02,03:51,05:23,12:35,16:16,19:46,21:18
جرش وعجلون,2026-06-03,03:51,05:23,12:35,16:16,19:47,21:19
جرش وعجلون,2026-06-04,03:50,05:23,12:35,16:16,19:47,21:20
جرش وعجلون,2026-06-05,03:50,05:23,12:35,16:17,19:48,21:20
جرش وعجلون,2026-06-06,03:50,05:23,12:35,16:17,19:48,21:21
جرش وعجلون,2026-06-07,03:49,05:22,12:36,16:17,19:49,21:22
جرش وعجلون,2026-06-08,03:49,05:22,12:36,16:17,19:49,21:22
جرش وعجلون,2026-06-09,03:49,05:22,12:36,16:17,19:50,21:23
جرش وعجلون,2026-06-10,03:49,05:22,12:36,16:18,19:50,21:23
جرش وعجلون,2026-06-11,03:49,05:22,12:36,16:18,19:51,21:24
جرش وعجلون,2026-06-12,03:48,05:22,12:37,16:18,19:51,21:24
جرش وعجلون,2026-06-13,03:48,05:22,12:37,16:18,19:51,21:25
جرش وعجلون,2026-06-14,03:48,05:22,12:37,16:18,19:52,21:25
جرش وعجلون,2026-06-15,03:48,05:22,12:37,16:19,19:52,21:26
جرش وعجلون,2026-06-16,03:48,05:22,12:37,16:19,19:52,21:26
جرش وعجلون,2026-06-17,03:48,05:22,12:38,16:19,19:53,21:27
جرش وعجلون,2026-06-18,03:48,05:23,12:38,16:19,19:53,21:27
جرش وعجلون,2026-06-19,03:49,05:23,12:38,16:19,19:53,21:27
جرش وعجلون,2026-06-20,03:49,05:23,12:38,16:20,19:53,21:27
جرش وعجلون,2026-06-21,03:49,05:23,12:39,16:20,19:54,21:28
جرش وعجلون,2026-06-22,03:49,05:23,12:39,16:20,19:54,21:28
جرش وعجلون,2026-06-23,03:49,05:24,12:39,16:20,19:54,21:28
جرش وعجلون,2026-06-24,03:50,05:24,12:39,16:20,19:54,21:28
جرش وعجلون,2026-06-25,03:50,05:24,12:39,16:21,19:54,21:28
جرش وعجلون,2026-06-26,03:50,05:24,12:40,16:21,19:54,21:28
جرش وعجلون,2026-06-27,03:51,05:25,12:40,16:21,19:55,21:28
جرش وعجلون,2026-06-28,03:51,05:25,12:40,16:21,19:55,21:28
جرش وعجلون,2026-06-29,03:52,05:25,12:40,16:22,19:55,21:28
جرش وعجلون,2026-06-30,03:52,05:26,12:40,16:22,19:55,21:28
جرش وعجلون,2026-07-01,03:53,05:26,12:41,16:22,19:55,21:28
جرش وعجلون,2026-07-02,03:53,05:27,12:41,16:22,19:55,21:28
جرش وعجلون,2026-07-03,03:54,05:27,12:41,16:22,19:54,21:27
جرش وعجلون,2026-07-04,03:54,05:28,12:41,16:23,19:54,21:27
جرش وعجلون,2026-07-05,03:55,05:28,12:41,16:23,19:54,21:27
جرش وعجلون,2026-07-06,03:56,05:29,12:42,16:23,19:54,21:27
جرش وعجلون,2026-07-07,03:56,05:29,12:42,16:23,19:54,21:26
جرش وعجلون,2026-07-08,03:57,05:30,12:42,16:23,19:54,21:26
جرش وعجلون,2026-07-09,03:58,05:30,12:42,16:23,19:53,21:25
جرش وعجلون,2026-07-10,03:58,05:31,12:42,16:24,19:53,21:25
جرش وعجلون,2026-07-11,03:59,05:31,12:42,16:24,19:53,21:25
جرش وعجلون,2026-07-12,04:00,05:32,12:42,16:24,19:53,21:24
جرش وعجلون,2026-07-13,04:01,05:32,12:43,16:24,19:52,21:23
جرش وعجلون,2026-07-14,04:01,05:33,12:43,16:24,19:52,21:23
جرش وعجلون,2026-07-15,04:02,05:33,12:43,16:24,19:52,21:22
جرش وعجلون,2026-07-16,04:03,05:34,12:43,16:24,19:51,21:22
جرش وعجلون,2026-07-17,04:04,05:35,12:43,16:24,19:51,21:21
جرش وعجلون,2026-07-18,04:05,05:35,12:43,16:24,19:50,21:20
جرش وعجلون,2026-07-19,04:06,05:36,12:43,16:25,19:50,21:19
جرش وعجلون,2026-07-20,04:07,05:37,12:43,16:25,19:49,21:19
جرش وعجلون,2026-07-21,04:07,05:37,12:43,16:25,19:49,21:18
جرش وعجلون,2026-07-22,04:08,05:38,12:43,16:25,19:48,21:17
جرش وعجلون,2026-07-23,04:09,05:38,12:43,16:25,19:47,21:16
جرش وعجلون,2026-07-24,04:10,05:39,12:43,16:25,19:47,21:15
جرش وعجلون,2026-07-25,04:11,05:40,12:43,16:25,19:46,21:14
جرش وعجلون,2026-07-26,04:12,05:40,12:43,16:25,19:46,21:13
جرش وعجلون,2026-07-27,04:13,05:41,12:43,16:25,19:45,21:12
جرش وعجلون,2026-07-28,04:14,05:42,12:43,16:25,19:44,21:11
جرش وعجلون,2026-07-29,04:15,05:42,12:43,16:24,19:43,21:10
جرش وعجلون,2026-07-30,04:16,05:43,12:43,16:24,19:43,21:09
جرش وعجلون,2026-07-31,04:17,05:44,12:43,16:24,19:42,21:08
جرش وعجلون,2026-08-01,04:18,05:44,12:43,16:24,19:41,21:07
جرش وعجلون,2026-08-02,04:19,05:45,12:43,16:24,19:40,21:06
جرش وعجلون,2026-08-03,04:20,05:46,12:43,16:24,19:39,21:05
جرش وعجلون,2026-08-04,04:21,05:47,12:43,16:24,19:39,21:04
جرش وعجلون,2026-08-05,04:22,05:47,12:43,16:24,19:38,21:03
جرش وعجلون,2026-08-06,04:23,05:48,12:43,16:23,19:37,21:01
جرش وعجلون,2026-08-07,04:24,05:49,12:43,16:23,19:36,21:00
جرش وعجلون,2026-08-08,04:25,05:49,12:42,16:23,19:35,20:59
جرش وعجلون,2026-08-09,04:26,05:50,12:42,16:23,19:34,20:58
جرش وعجلون,2026-08-10,04:27,05:51,12:42,16:22,19:33,20:56
جرش وعجلون,2026-08-11,04:27,05:51,12:42,16:22,19:32,20:55
جرش وعجلون,2026-08-12,04:28,05:52,12:42,16:22,19:31,20:54
جرش وعجلون,2026-08-13,04:29,05:53,12:42,16:22,19:30,20:53
جرش وعجلون,2026-08-14,04:30,05:53,12:42,16:21,19:29,20:51
جرش وعجلون,2026-08-15,04:31,05:54,12:41,16:21,19:28,20:50
جرش وعجلون,2026-08-16,04:32,05:55,12:41,16:21,19:27,20:49
جرش وعجلون,2026-08-17,04:33,05:55,12:41,16:20,19:26,20:47
جرش وعجلون,2026-08-18,04:34,05:56,12:41,16:20,19:24,20:46
جرش وعجلون,2026-08-19,04:35,05:57,12:40,16:19,19:23,20:45
جرش وعجلون,2026-08-20,04:36,05:57,12:40,16:19,19:22,20:43
جرش وعجلون,2026-08-21,04:37,05:58,12:40,16:18,19:21,20:42
جرش وعجلون,2026-08-22,04:38,05:59,12:40,16:18,19:20,20:40
جرش وعجلون,2026-08-23,04:39,05:59,12:39,16:18,19:19,20:39
جرش وعجلون,2026-08-24,04:39,06:00,12:39,16:17,19:18,20:38
جرش وعجلون,2026-08-25,04:40,06:01,12:39,16:17,19:16,20:36
جرش وعجلون,2026-08-26,04:41,06:01,12:39,16:16,19:15,20:35
جرش وعجلون,2026-08-27,04:42,06:02,12:38,16:15,19:14,20:33
جرش وعجلون,2026-08-28,04:43,06:03,12:38,16:15,19:13,20:32
جرش وعجلون,2026-08-29,04:44,06:03,12:38,16:14,19:11,20:30
جرش وعجلون,2026-08-30,04:45,06:04,12:37,16:14,19:10,20:29
جرش وعجلون,2026-08-31,04:45,06:05,12:37,16:13,19:09,20:27
جرش وعجلون,2026-09-01,04:46,06:05,12:37,16:13,19:08,20:26
جرش وعجلون,2026-09-02,04:47,06:06,12:37,16:12,19:06,20:25
جرش وعجلون,2026-09-03,04:48,06:06,12:36,16:11,19:05,20:23
جرش وعجلون,2026-09-04,04:49,06:07,12:36,16:11,19:04,20:22
جرش وعجلون,2026-09-05,04:50,06:08,12:36,16:10,19:02,20:20
جرش وعجلون,2026-09-06,04:50,06:08,12:35,16:09,19:01,20:19
جرش وعجلون,2026-09-07,04:51,06:09,12:35,16:09,19:00,20:17
جرش وعجلون,2026-09-08,04:52,06:10,12:35,16:08,18:59,20:16
جرش وعجلون,2026-09-09,04:53,06:10,12:34,16:07,18:57,20:14
جرش وعجلون,2026-09-10,04:53,06:11,12:34,16:06,18:56,20:13
جرش وعجلون,2026-09-11,04:54,06:11,12:33,16:06,18:55,20:11
جرش وعجلون,2026-09-12,04:55,06:12,12:33,16:05,18:53,20:10
جرش وعجلون,2026-09-13,04:56,06:13,12:33,16:04,18:52,20:08
جرش وعجلون,2026-09-14,04:56,06:13,12:32,16:03,18:51,20:07
جرش وعجلون,2026-09-15,04:57,06:14,12:32,16:03,18:49,20:06
جرش وعجلون,2026-09-16,04:58,06:15,12:32,16:02,18:48,20:04
جرش وعجلون,2026-09-17,04:59,06:15,12:31,16:01,18:47,20:03
جرش وعجلون,2026-09-18,04:59,06:16,12:31,16:00,18:45,20:01
جرش وعجلون,2026-09-19,05:00,06:16,12:31,16:00,18:44,20:00
جرش وعجلون,2026-09-20,05:01,06:17,12:30,15:59,18:43,19:58
جرش وعجلون,2026-09-21,05:02,06:18,12:30,15:58,18:41,19:57
جرش وعجلون,2026-09-22,05:02,06:18,12:30,15:57,18:40,19:56
جرش وعجلون,2026-09-23,05:03,06:19,12:29,15:56,18:39,19:54
جرش وعجلون,2026-09-24,05:04,06:20,12:29,15:55,18:37,19:53
جرش وعجلون,2026-09-25,05:04,06:20,12:29,15:55,18:36,19:51
جرش وعجلون,2026-09-26,05:05,06:21,12:28,15:54,18:35,19:50
جرش وعجلون,2026-09-27,05:06,06:22,12:28,15:53,18:33,19:49
جرش وعجلون,2026-09-28,05:06,06:22,12:27,15:52,18:32,19:47
جرش وعجلون,2026-09-29,05:07,06:23,12:27,15:51,18:31,19:46
جرش وعجلون,2026-09-30,05:08,06:23,12:27,15:50,18:29,19:45
جرش وعجلون,2026-10-01,05:09,06:24,12:26,15:49,18:28,19:43
جرش وعجلون,2026-10-02,05:09,06:25,12:26,15:48,18:27,19:42
جرش وعجلون,2026-10-03,05:10,06:25,12:26,15:48,18:25,19:41
جرش وعجلون,2026-10-04,05:11,06:26,12:26,15:47,18:24,19:39
جرش وعجلون,2026-10-05,05:11,06:27,12:25,15:46,18:23,19:38
جرش وعجلون,2026-10-06,05:12,06:27,12:25,15:45,18:22,19:37
جرش وعجلون,2026-10-07,05:13,06:28,12:25,15:44,18:20,19:35
جرش وعجلون,2026-10-08,05:13,06:29,12:24,15:43,18:19,19:34
جرش وعجلون,2026-10-09,05:14,06:29,12:24,15:42,18:18,19:33
جرش وعجلون,2026-10-10,05:15,06:30,12:24,15:41,18:17,19:32
جرش وعجلون,2026-10-11,05:15,06:31,12:24,15:41,18:15,19:31
جرش وعجلون,2026-10-12,05:16,06:32,12:23,15:40,18:14,19:29
جرش وعجلون,2026-10-13,05:17,06:32,12:23,15:39,18:13,19:28
جرش وعجلون,2026-10-14,05:17,06:33,12:23,15:38,18:12,19:27
جرش وعجلون,2026-10-15,05:18,06:34,12:23,15:37,18:11,19:26
جرش وعجلون,2026-10-16,05:19,06:34,12:22,15:36,18:10,19:25
جرش وعجلون,2026-10-17,05:19,06:35,12:22,15:35,18:08,19:24
جرش وعجلون,2026-10-18,05:20,06:36,12:22,15:35,18:07,19:23
جرش وعجلون,2026-10-19,05:21,06:37,12:22,15:34,18:06,19:22
جرش وعجلون,2026-10-20,05:22,06:37,12:22,15:33,18:05,19:21
جرش وعجلون,2026-10-21,05:22,06:38,12:21,15:32,18:04,19:20
جرش وعجلون,2026-10-22,05:23,06:39,12:21,15:31,18:03,19:19
جرش وعجلون,2026-10-23,05:24,06:40,12:21,15:31,18:02,19:18
جرش وعجلون,2026-10-24,05:24,06:40,12:21,15:30,18:01,19:17
جرش وعجلون,2026-10-25,05:25,06:41,12:21,15:29,18:00,19:16
جرش وعجلون,2026-10-26,05:26,06:42,12:21,15:28,17:59,19:15
جرش وعجلون,2026-10-27,05:26,06:43,12:21,15:27,17:58,19:14
جرش وعجلون,2026-10-28,05:27,06:44,12:21,15:27,17:57,19:13
جرش وعجلون,2026-10-29,05:28,06:44,12:21,15:26,17:56,19:12
جرش وعجلون,2026-10-30,05:29,06:45,12:20,15:25,17:55,19:11
جرش وعجلون,2026-10-31,05:29,06:46,12:20,15:25,17:54,19:10
جرش وعجلون,2026-11-01,05:30,06:47,12:20,15:24,17:53,19:10
جرش وعجلون,2026-11-02,05:31,06:48,12:20,15:23,17:52,19:09
جرش وعجلون,2026-11-03,05:31,06:49,12:20,15:23,17:51,19:08
جرش وعجلون,2026-11-04,05:32,06:49,12:20,15:22,17:51,19:07
جرش وعجلون,2026-11-05,05:33,06:50,12:20,15:21,17:50,19:07
جرش وعجلون,2026-11-06,05:34,06:51,12:20,15:21,17:49,19:06
جرش وعجلون,2026-11-07,05:34,06:52,12:20,15:20,17:48,19:05
جرش وعجلون,2026-11-08,05:35,06:53,12:21,15:20,17:48,19:05
جرش وعجلون,2026-11-09,05:36,06:54,12:21,15:19,17:47,19:04
جرش وعجلون,2026-11-10,05:37,06:55,12:21,15:19,17:46,19:04
جرش وعجلون,2026-11-11,05:37,06:55,12:21,15:18,17:46,19:03
جرش وعجلون,2026-11-12,05:38,06:56,12:21,15:18,17:45,19:03
جرش وعجلون,2026-11-13,05:39,06:57,12:21,15:17,17:44,19:02
جرش وعجلون,2026-11-14,05:40,06:58,12:21,15:17,17:44,19:02
جرش وعجلون,2026-11-15,05:40,06:59,12:21,15:16,17:43,19:01
جرش وعجلون,2026-11-16,05:41,07:00,12:22,15:16,17:43,19:01
جرش وعجلون,2026-11-17,05:42,07:01,12:22,15:15,17:42,19:01
جرش وعجلون,2026-11-18,05:43,07:02,12:22,15:15,17:42,19:00
جرش وعجلون,2026-11-19,05:44,07:02,12:22,15:15,17:41,19:00
جرش وعجلون,2026-11-20,05:44,07:03,12:22,15:15,17:41,19:00
جرش وعجلون,2026-11-21,05:45,07:04,12:23,15:14,17:40,18:59
جرش وعجلون,2026-11-22,05:46,07:05,12:23,15:14,17:40,18:59
جرش وعجلون,2026-11-23,05:47,07:06,12:23,15:14,17:40,18:59
جرش وعجلون,2026-11-24,05:47,07:07,12:23,15:14,17:40,18:59
جرش وعجلون,2026-11-25,05:48,07:08,12:24,15:13,17:39,18:58
جرش وعجلون,2026-11-26,05:49,07:08,12:24,15:13,17:39,18:58
جرش وعجلون,2026-11-27,05:50,07:09,12:24,15:13,17:39,18:58
جرش وعجلون,2026-11-28,05:50,07:10,12:25,15:13,17:39,18:58
جرش وعجلون,2026-11-29,05:51,07:11,12:25,15:13,17:38,18:58
جرش وعجلون,2026-11-30,05:52,07:12,12:25,15:13,17:38,18:58
جرش وعجلون,2026-12-01,05:53,07:13,12:26,15:13,17:38,18:58
جرش وعجلون,2026-12-02,05:53,07:14,12:26,15:13,17:38,18:58
جرش وعجلون,2026-12-03,05:54,07:14,12:27,15:13,17:38,18:58
جرش وعجلون,2026-12-04,05:55,07:15,12:27,15:13,17:38,18:58
جرش وعجلون,2026-12-05,05:55,07:16,12:27,15:13,17:38,18:58
جرش وعجلون,2026-12-06,05:56,07:17,12:28,15:13,17:38,18:59
جرش وعجلون,2026-12-07,05:57,07:17,12:28,15:13,17:38,18:59
جرش وعجلون,2026-12-08,05:58,07:18,12:29,15:13,17:39,18:59
جرش وعجلون,2026-12-09,05:58,07:19,12:29,15:14,17:39,18:59
جرش وعجلون,2026-12-10,05:59,07:20,12:30,15:14,17:39,18:59
جرش وعجلون,2026-12-11,06:00,07:20,12:30,15:14,17:39,19:00
جرش وعجلون,2026-12-12,06:00,07:21,12:30,15:14,17:39,19:00
جرش وعجلون,2026-12-13,06:01,07:22,12:31,15:15,17:40,19:00
جرش وعجلون,2026-12-14,06:01,07:22,12:31,15:15,17:40,19:01
جرش وعجلون,2026-12-15,06:02,07:23,12:32,15:15,17:40,19:01
جرش وعجلون,2026-12-16,06:03,07:24,12:32,15:16,17:41,19:01
جرش وعجلون,2026-12-17,06:03,07:24,12:33,15:16,17:41,19:02
جرش وعجلون,2026-12-18,06:04,07:25,12:33,15:16,17:41,19:02
جرش وعجلون,2026-12-19,06:04,07:26,12:34,15:17,17:42,19:03
جرش وعجلون,2026-12-20,06:05,07:26,12:34,15:17,17:42,19:03
جرش وعجلون,2026-12-21,06:05,07:27,12:35,15:18,17:43,19:04
جرش وعجلون,2026-12-22,06:06,07:27,12:35,15:18,17:43,19:04
جرش وعجلون,2026-12-23,06:06,07:28,12:36,15:19,17:44,19:05
جرش وعجلون,2026-12-24,06:07,07:28,12:36,15:19,17:44,19:05
جرش وعجلون,2026-12-25,06:07,07:28,12:37,15:20,17:45,19:06
جرش وعجلون,2026-12-26,06:08,07:29,12:37,15:21,17:45,19:06
جرش وعجلون,2026-12-27,06:08,07:29,12:38,15:21,17:46,19:07
جرش وعجلون,2026-12-28,06:09,07:30,12:38,15:22,17:47,19:07
جرش وعجلون,2026-12-29,06:09,07:30,12:39,15:22,17:47,19:08
جرش وعجلون,2026-12-30,06:09,07:30,12:39,15:23,17:48,19:09
جرش وعجلون,2026-12-31,06:10,07:30,12:40,15:24,17:49,19:09
ذيبان,2026-03-12,05:30,06:45,12:47,16:10,18:48,20:03
ذيبان,2026-03-13,05:28,06:44,12:46,16:10,18:49,20:04
ذيبان,2026-03-14,05:27,06:43,12:46,16:11,18:49,20:05
ذيبان,2026-03-15,05:26,06:41,12:46,16:11,18:50,20:06
ذيبان,2026-03-16,05:25,06:40,12:45,16:11,18:51,20:06
ذيبان,2026-03-17,05:23,06:39,12:45,16:11,18:51,20:07
ذيبان,2026-03-18,05:22,06:38,12:45,16:11,18:52,20:08
ذيبان,2026-03-19,05:21,06:36,12:45,16:12,18:53,20:09
ذيبان,2026-03-20,05:19,06:35,12:44,16:12,18:54,20:09
ذيبان,2026-03-21,05:18,06:34,12:44,16:12,18:54,20:10
ذيبان,2026-03-22,05:17,06:33,12:44,16:12,18:55,20:11
ذيبان,2026-03-23,05:15,06:31,12:43,16:12,18:56,20:12
ذيبان,2026-03-24,05:14,06:30,12:43,16:12,18:56,20:12
ذيبان,2026-03-25,05:13,06:29,12:43,16:13,18:57,20:13
ذيبان,2026-03-26,05:11,06:27,12:43,16:13,18:58,20:14
ذيبان,2026-03-27,05:10,06:26,12:42,16:13,18:58,20:15
ذيبان,2026-03-28,05:08,06:25,12:42,16:13,18:59,20:15
ذيبان,2026-03-29,05:07,06:24,12:42,16:13,19:00,20:16
ذيبان,2026-03-30,05:06,06:22,12:41,16:13,19:00,20:17
ذيبان,2026-03-31,05:04,06:21,12:41,16:13,19:01,20:18
ذيبان,2026-04-01,05:03,06:20,12:41,16:13,19:01,20:19
ذيبان,2026-04-02,05:02,06:19,12:40,16:13,19:02,20:19
ذيبان,2026-04-03,05:00,06:17,12:40,16:13,19:03,20:20
ذيبان,2026-04-04,04:59,06:16,12:40,16:13,19:03,20:21
ذيبان,2026-04-05,04:57,06:15,12:40,16:13,19:04,20:22
ذيبان,2026-04-06,04:56,06:14,12:39,16:13,19:05,20:23
ذيبان,2026-04-07,04:55,06:12,12:39,16:13,19:05,20:23
ذيبان,2026-04-08,04:53,06:11,12:39,16:13,19:06,20:24
ذيبان,2026-04-09,04:52,06:10,12:38,16:13,19:07,20:25
ذيبان,2026-04-10,04:50,06:09,12:38,16:13,19:07,20:26
ذيبان,2026-04-11,04:49,06:08,12:38,16:13,19:08,20:27
ذيبان,2026-04-12,04:48,06:06,12:38,16:13,19:09,20:28
ذيبان,2026-04-13,04:46,06:05,12:37,16:13,19:10,20:29
ذيبان,2026-04-14,04:45,06:04,12:37,16:13,19:10,20:30
ذيبان,2026-04-15,04:44,06:03,12:37,16:13,19:11,20:30
ذيبان,2026-04-16,04:42,06:02,12:37,16:13,19:12,20:31
ذيبان,2026-04-17,04:41,06:00,12:36,16:13,19:12,20:32
ذيبان,2026-04-18,04:39,05:59,12:36,16:13,19:13,20:33
ذيبان,2026-04-19,04:38,05:58,12:36,16:13,19:14,20:34
ذيبان,2026-04-20,04:37,05:57,12:36,16:13,19:14,20:35
ذيبان,2026-04-21,04:35,05:56,12:36,16:13,19:15,20:36
ذيبان,2026-04-22,04:34,05:55,12:35,16:13,19:16,20:37
ذيبان,2026-04-23,04:33,05:54,12:35,16:13,19:16,20:38
ذيبان,2026-04-24,04:31,05:53,12:35,16:13,19:17,20:39
ذيبان,2026-04-25,04:30,05:52,12:35,16:13,19:18,20:40
ذيبان,2026-04-26,04:29,05:51,12:35,16:13,19:18,20:41
ذيبان,2026-04-27,04:28,05:50,12:35,16:13,19:19,20:41
ذيبان,2026-04-28,04:26,05:49,12:34,16:13,19:20,20:42
ذيبان,2026-04-29,04:25,05:48,12:34,16:13,19:21,20:43
ذيبان,2026-04-30,04:24,05:47,12:34,16:13,19:21,20:44
ذيبان,2026-05-01,04:23,05:46,12:34,16:13,19:22,20:45
ذيبان,2026-05-02,04:21,05:45,12:34,16:13,19:23,20:46
ذيبان,2026-05-03,04:20,05:44,12:34,16:13,19:23,20:47
ذيبان,2026-05-04,04:19,05:43,12:34,16:13,19:24,20:48
ذيبان,2026-05-05,04:18,05:42,12:34,16:13,19:25,20:49
ذيبان,2026-05-06,04:17,05:41,12:33,16:13,19:26,20:50
ذيبان,2026-05-07,04:16,05:40,12:33,16:13,19:26,20:51
ذيبان,2026-05-08,04:15,05:40,12:33,16:13,19:27,20:52
ذيبان,2026-05-09,04:13,05:39,12:33,16:13,19:28,20:53
ذيبان,2026-05-10,04:12,05:38,12:33,16:13,19:28,20:54
ذيبان,2026-05-11,04:11,05:37,12:33,16:13,19:29,20:55
ذيبان,2026-05-12,04:10,05:36,12:33,16:13,19:30,20:56
ذيبان,2026-05-13,04:09,05:36,12:33,16:13,19:30,20:57
ذيبان,2026-05-14,04:08,05:35,12:33,16:13,19:31,20:58
ذيبان,2026-05-15,04:07,05:34,12:33,16:13,19:32,20:59
ذيبان,2026-05-16,04:06,05:34,12:33,16:13,19:33,21:00
ذيبان,2026-05-17,04:06,05:33,12:33,16:13,19:33,21:01
ذيبان,2026-05-18,04:05,05:32,12:33,16:13,19:34,21:02
ذيبان,2026-05-19,04:04,05:32,12:33,16:13,19:35,21:03
ذيبان,2026-05-20,04:03,05:31,12:33,16:13,19:35,21:04
ذيبان,2026-05-21,04:02,05:31,12:33,16:13,19:36,21:05
ذيبان,2026-05-22,04:01,05:30,12:34,16:13,19:37,21:06
ذيبان,2026-05-23,04:01,05:30,12:34,16:13,19:37,21:07
ذيبان,2026-05-24,04:00,05:29,12:34,16:14,19:38,21:07
ذيبان,2026-05-25,03:59,05:29,12:34,16:14,19:39,21:08
ذيبان,2026-05-26,03:59,05:28,12:34,16:14,19:39,21:09
ذيبان,2026-05-27,03:58,05:28,12:34,16:14,19:40,21:10
ذيبان,2026-05-28,03:57,05:28,12:34,16:14,19:40,21:11
ذيبان,2026-05-29,03:57,05:27,12:34,16:14,19:41,21:12
ذيبان,2026-05-30,03:56,05:27,12:34,16:14,19:42,21:12
ذيبان,2026-05-31,03:56,05:27,12:35,16:14,19:42,21:13
ذيبان,2026-06-01,03:55,05:26,12:35,16:14,19:43,21:14
ذيبان,2026-06-02,03:55,05:26,12:35,16:14,19:43,21:15
ذيبان,2026-06-03,03:54,05:26,12:35,16:15,19:44,21:16
ذيبان,2026-06-04,03:54,05:26,12:35,16:15,19:44,21:16
ذيبان,2026-06-05,03:54,05:25,12:35,16:15,19:45,21:17
ذيبان,2026-06-06,03:53,05:25,12:36,16:15,19:45,21:18
ذيبان,2026-06-07,03:53,05:25,12:36,16:15,19:46,21:18
ذيبان,2026-06-08,03:53,05:25,12:36,16:15,19:46,21:19
ذيبان,2026-06-09,03:52,05:25,12:36,16:16,19:47,21:19
ذيبان,2026-06-10,03:52,05:25,12:36,16:16,19:47,21:20
ذيبان,2026-06-11,03:52,05:25,12:37,16:16,19:48,21:20
ذيبان,2026-06-12,03:52,05:25,12:37,16:16,19:48,21:21
ذيبان,2026-06-13,03:52,05:25,12:37,16:16,19:48,21:21
ذيبان,2026-06-14,03:52,05:25,12:37,16:16,19:49,21:22
ذيبان,2026-06-15,03:52,05:25,12:37,16:17,19:49,21:22
ذيبان,2026-06-16,03:52,05:25,12:38,16:17,19:49,21:23
ذيبان,2026-06-17,03:52,05:25,12:38,16:17,19:50,21:23
ذيبان,2026-06-18,03:52,05:25,12:38,16:17,19:50,21:23
ذيبان,2026-06-19,03:52,05:26,12:38,16:18,19:50,21:24
ذيبان,2026-06-20,03:52,05:26,12:38,16:18,19:51,21:24
ذيبان,2026-06-21,03:53,05:26,12:39,16:18,19:51,21:24
ذيبان,2026-06-22,03:53,05:26,12:39,16:18,19:51,21:24
ذيبان,2026-06-23,03:53,05:26,12:39,16:18,19:51,21:24
ذيبان,2026-06-24,03:53,05:27,12:39,16:19,19:51,21:25
ذيبان,2026-06-25,03:54,05:27,12:40,16:19,19:51,21:25
ذيبان,2026-06-26,03:54,05:27,12:40,16:19,19:52,21:25
ذيبان,2026-06-27,03:54,05:28,12:40,16:19,19:52,21:25
ذيبان,2026-06-28,03:55,05:28,12:40,16:19,19:52,21:25
ذيبان,2026-06-29,03:55,05:28,12:40,16:20,19:52,21:25
ذيبان,2026-06-30,03:56,05:29,12:41,16:20,19:52,21:25
ذيبان,2026-07-01,03:56,05:29,12:41,16:20,19:52,21:24
ذيبان,2026-07-02,03:57,05:29,12:41,16:20,19:52,21:24
ذيبان,2026-07-03,03:57,05:30,12:41,16:21,19:52,21:24
ذيبان,2026-07-04,03:58,05:30,12:41,16:21,19:52,21:24
ذيبان,2026-07-05,03:58,05:31,12:41,16:21,19:51,21:24
ذيبان,2026-07-06,03:59,05:31,12:42,16:21,19:51,21:23
ذيبان,2026-07-07,04:00,05:32,12:42,16:21,19:51,21:23
ذيبان,2026-07-08,04:00,05:32,12:42,16:21,19:51,21:23
ذيبان,2026-07-09,04:01,05:33,12:42,16:22,19:51,21:22
ذيبان,2026-07-10,04:02,05:33,12:42,16:22,19:50,21:22
ذيبان,2026-07-11,04:02,05:34,12:42,16:22,19:50,21:21
ذيبان,2026-07-12,04:03,05:34,12:43,16:22,19:50,21:21
ذيبان,2026-07-13,04:04,05:35,12:43,16:22,19:50,21:20
ذيبان,2026-07-14,04:05,05:35,12:43,16:22,19:49,21:20
ذيبان,2026-07-15,04:06,05:36,12:43,16:23,19:49,21:19
ذيبان,2026-07-16,04:06,05:37,12:43,16:23,19:48,21:18
ذيبان,2026-07-17,04:07,05:37,12:43,16:23,19:48,21:18
ذيبان,2026-07-18,04:08,05:38,12:43,16:23,19:48,21:17
ذيبان,2026-07-19,04:09,05:38,12:43,16:23,19:47,21:16
ذيبان,2026-07-20,04:10,05:39,12:43,16:23,19:47,21:16
ذيبان,2026-07-21,04:11,05:40,12:43,16:23,19:46,21:15
ذيبان,2026-07-22,04:11,05:40,12:43,16:23,19:45,21:14
ذيبان,2026-07-23,04:12,05:41,12:43,16:23,19:45,21:13
ذيبان,2026-07-24,04:13,05:42,12:43,16:23,19:44,21:12
ذيبان,2026-07-25,04:14,05:42,12:43,16:23,19:44,21:11
ذيبان,2026-07-26,04:15,05:43,12:43,16:23,19:43,21:11
ذيبان,2026-07-27,04:16,05:43,12:43,16:23,19:42,21:10
ذيبان,2026-07-28,04:17,05:44,12:43,16:23,19:42,21:09
ذيبان,2026-07-29,04:18,05:45,12:43,16:23,19:41,21:08
ذيبان,2026-07-30,04:19,05:45,12:43,16:23,19:40,21:07
ذيبان,2026-07-31,04:20,05:46,12:43,16:23,19:39,21:06
ذيبان,2026-08-01,04:21,05:47,12:43,16:23,19:39,21:05
ذيبان,2026-08-02,04:22,05:47,12:43,16:23,19:38,21:03
ذيبان,2026-08-03,04:22,05:48,12:43,16:23,19:37,21:02
ذيبان,2026-08-04,04:23,05:49,12:43,16:22,19:36,21:01
ذيبان,2026-08-05,04:24,05:49,12:43,16:22,19:35,21:00
ذيبان,2026-08-06,04:25,05:50,12:43,16:22,19:35,20:59
ذيبان,2026-08-07,04:26,05:51,12:43,16:22,19:34,20:58
ذيبان,2026-08-08,04:27,05:51,12:43,16:22,19:33,20:57
ذيبان,2026-08-09,04:28,05:52,12:42,16:22,19:32,20:55
ذيبان,2026-08-10,04:29,05:53,12:42,16:21,19:31,20:54
ذيبان,2026-08-11,04:30,05:53,12:42,16:21,19:30,20:53
ذيبان,2026-08-12,04:31,05:54,12:42,16:21,19:29,20:52
ذيبان,2026-08-13,04:32,05:55,12:42,16:21,19:28,20:50
ذيبان,2026-08-14,04:33,05:55,12:42,16:20,19:27,20:49
ذيبان,2026-08-15,04:34,05:56,12:41,16:20,19:26,20:48
ذيبان,2026-08-16,04:34,05:57,12:41,16:20,19:25,20:47
ذيبان,2026-08-17,04:35,05:57,12:41,16:19,19:24,20:45
ذيبان,2026-08-18,04:36,05:58,12:41,16:19,19:23,20:44
ذيبان,2026-08-19,04:37,05:58,12:41,16:18,19:22,20:43
ذيبان,2026-08-20,04:38,05:59,12:40,16:18,19:20,20:41
ذيبان,2026-08-21,04:39,06:00,12:40,16:18,19:19,20:40
ذيبان,2026-08-22,04:40,06:00,12:40,16:17,19:18,20:39
ذيبان,2026-08-23,04:41,06:01,12:40,16:17,19:17,20:37
ذيبان,2026-08-24,04:41,06:02,12:39,16:16,19:16,20:36
ذيبان,2026-08-25,04:42,06:02,12:39,16:16,19:15,20:34
ذيبان,2026-08-26,04:43,06:03,12:39,16:15,19:13,20:33
ذيبان,2026-08-27,04:44,06:03,12:38,16:15,19:12,20:32
ذيبان,2026-08-28,04:45,06:04,12:38,16:14,19:11,20:30
ذيبان,2026-08-29,04:45,06:05,12:38,16:14,19:10,20:29
ذيبان,2026-08-30,04:46,06:05,12:38,16:13,19:09,20:27
ذيبان,2026-08-31,04:47,06:06,12:37,16:13,19:07,20:26
ذيبان,2026-09-01,04:48,06:07,12:37,16:12,19:06,20:25
ذيبان,2026-09-02,04:49,06:07,12:37,16:11,19:05,20:23
ذيبان,2026-09-03,04:49,06:08,12:36,16:11,19:04,20:22
ذيبان,2026-09-04,04:50,06:08,12:36,16:10,19:02,20:20
ذيبان,2026-09-05,04:51,06:09,12:36,16:10,19:01,20:19
ذيبان,2026-09-06,04:52,06:10,12:35,16:09,19:00,20:17
ذيبان,2026-09-07,04:53,06:10,12:35,16:08,18:59,20:16
ذيبان,2026-09-08,04:53,06:11,12:35,16:08,18:57,20:15
ذيبان,2026-09-09,04:54,06:11,12:34,16:07,18:56,20:13
ذيبان,2026-09-10,04:55,06:12,12:34,16:06,18:55,20:12
ذيبان,2026-09-11,04:55,06:13,12:34,16:06,18:53,20:10
ذيبان,2026-09-12,04:56,06:13,12:33,16:05,18:52,20:09
ذيبان,2026-09-13,04:57,06:14,12:33,16:04,18:51,20:07
ذيبان,2026-09-14,04:58,06:14,12:32,16:03,18:50,20:06
ذيبان,2026-09-15,04:58,06:15,12:32,16:03,18:48,20:05
ذيبان,2026-09-16,04:59,06:15,12:32,16:02,18:47,20:03
ذيبان,2026-09-17,05:00,06:16,12:31,16:01,18:46,20:02
ذيبان,2026-09-18,05:00,06:17,12:31,16:00,18:44,20:00
ذيبان,2026-09-19,05:01,06:17,12:31,16:00,18:43,19:59
ذيبان,2026-09-20,05:02,06:18,12:30,15:59,18:42,19:58
ذيبان,2026-09-21,05:02,06:18,12:30,15:58,18:40,19:56
ذيبان,2026-09-22,05:03,06:19,12:30,15:57,18:39,19:55
ذيبان,2026-09-23,05:04,06:20,12:29,15:56,18:38,19:53
ذيبان,2026-09-24,05:05,06:20,12:29,15:55,18:36,19:52
ذيبان,2026-09-25,05:05,06:21,12:29,15:55,18:35,19:51
ذيبان,2026-09-26,05:06,06:21,12:28,15:54,18:34,19:49
ذيبان,2026-09-27,05:07,06:22,12:28,15:53,18:33,19:48
ذيبان,2026-09-28,05:07,06:23,12:28,15:52,18:31,19:47
ذيبان,2026-09-29,05:08,06:23,12:27,15:51,18:30,19:45
ذيبان,2026-09-30,05:08,06:24,12:27,15:50,18:29,19:44
ذيبان,2026-10-01,05:09,06:25,12:27,15:50,18:27,19:43
ذيبان,2026-10-02,05:10,06:25,12:26,15:49,18:26,19:41
ذيبان,2026-10-03,05:10,06:26,12:26,15:48,18:25,19:40
ذيبان,2026-10-04,05:11,06:26,12:26,15:47,18:24,19:39
ذيبان,2026-10-05,05:12,06:27,12:25,15:46,18:22,19:38
ذيبان,2026-10-06,05:12,06:28,12:25,15:45,18:21,19:36
ذيبان,2026-10-07,05:13,06:28,12:25,15:45,18:20,19:35
ذيبان,2026-10-08,05:14,06:29,12:24,15:44,18:19,19:34
ذيبان,2026-10-09,05:14,06:30,12:24,15:43,18:18,19:33
ذيبان,2026-10-10,05:15,06:30,12:24,15:42,18:16,19:32
ذيبان,2026-10-11,05:16,06:31,12:24,15:41,18:15,19:30
ذيبان,2026-10-12,05:16,06:32,12:23,15:40,18:14,19:29
ذيبان,2026-10-13,05:17,06:32,12:23,15:40,18:13,19:28
ذيبان,2026-10-14,05:18,06:33,12:23,15:39,18:12,19:27
ذيبان,2026-10-15,05:18,06:34,12:23,15:38,18:10,19:26
ذيبان,2026-10-16,05:19,06:34,12:22,15:37,18:09,19:25
ذيبان,2026-10-17,05:20,06:35,12:22,15:36,18:08,19:24
ذيبان,2026-10-18,05:20,06:36,12:22,15:35,18:07,19:23
ذيبان,2026-10-19,05:21,06:37,12:22,15:35,18:06,19:22
ذيبان,2026-10-20,05:22,06:37,12:22,15:34,18:05,19:21
ذيبان,2026-10-21,05:22,06:38,12:22,15:33,18:04,19:20
ذيبان,2026-10-22,05:23,06:39,12:21,15:32,18:03,19:19
ذيبان,2026-10-23,05:24,06:40,12:21,15:31,18:02,19:18
ذيبان,2026-10-24,05:24,06:40,12:21,15:31,18:01,19:17
ذيبان,2026-10-25,05:25,06:41,12:21,15:30,18:00,19:16
ذيبان,2026-10-26,05:26,06:42,12:21,15:29,17:59,19:15
ذيبان,2026-10-27,05:26,06:43,12:21,15:29,17:58,19:14
ذيبان,2026-10-28,05:27,06:43,12:21,15:28,17:57,19:13
ذيبان,2026-10-29,05:28,06:44,12:21,15:27,17:56,19:12
ذيبان,2026-10-30,05:28,06:45,12:21,15:26,17:55,19:12
ذيبان,2026-10-31,05:29,06:46,12:20,15:26,17:54,19:11
ذيبان,2026-11-01,05:30,06:46,12:20,15:25,17:53,19:10
ذيبان,2026-11-02,05:30,06:47,12:20,15:24,17:53,19:09
ذيبان,2026-11-03,05:31,06:48,12:20,15:24,17:52,19:09
ذيبان,2026-11-04,05:32,06:49,12:20,15:23,17:51,19:08
ذيبان,2026-11-05,05:33,06:50,12:20,15:23,17:50,19:07
ذيبان,2026-11-06,05:33,06:51,12:20,15:22,17:49,19:07
ذيبان,2026-11-07,05:34,06:51,12:21,15:22,17:49,19:06
ذيبان,2026-11-08,05:35,06:52,12:21,15:21,17:48,19:05
ذيبان,2026-11-09,05:35,06:53,12:21,15:20,17:47,19:05
ذيبان,2026-11-10,05:36,06:54,12:21,15:20,17:47,19:04
ذيبان,2026-11-11,05:37,06:55,12:21,15:19,17:46,19:04
ذيبان,2026-11-12,05:38,06:56,12:21,15:19,17:45,19:03
ذيبان,2026-11-13,05:38,06:56,12:21,15:19,17:45,19:03
ذيبان,2026-11-14,05:39,06:57,12:21,15:18,17:44,19:02
ذيبان,2026-11-15,05:40,06:58,12:21,15:18,17:44,19:02
ذيبان,2026-11-16,05:41,06:59,12:22,15:17,17:43,19:02
ذيبان,2026-11-17,05:41,07:00,12:22,15:17,17:43,19:01
ذيبان,2026-11-18,05:42,07:01,12:22,15:17,17:42,19:01
ذيبان,2026-11-19,05:43,07:02,12:22,15:16,17:42,19:01
ذيبان,2026-11-20,05:44,07:02,12:22,15:16,17:42,19:00
ذيبان,2026-11-21,05:44,07:03,12:23,15:16,17:41,19:00
ذيبان,2026-11-22,05:45,07:04,12:23,15:16,17:41,19:00
ذيبان,2026-11-23,05:46,07:05,12:23,15:15,17:41,19:00
ذيبان,2026-11-24,05:47,07:06,12:24,15:15,17:40,19:00
ذيبان,2026-11-25,05:47,07:07,12:24,15:15,17:40,18:59
ذيبان,2026-11-26,05:48,07:08,12:24,15:15,17:40,18:59
ذيبان,2026-11-27,05:49,07:08,12:24,15:15,17:40,18:59
ذيبان,2026-11-28,05:49,07:09,12:25,15:15,17:39,18:59
ذيبان,2026-11-29,05:50,07:10,12:25,15:15,17:39,18:59
ذيبان,2026-11-30,05:51,07:11,12:25,15:15,17:39,18:59
ذيبان,2026-12-01,05:52,07:12,12:26,15:15,17:39,18:59
ذيبان,2026-12-02,05:52,07:12,12:26,15:15,17:39,18:59
ذيبان,2026-12-03,05:53,07:13,12:27,15:15,17:39,18:59
ذيبان,2026-12-04,05:54,07:14,12:27,15:15,17:39,18:59
ذيبان,2026-12-05,05:55,07:15,12:27,15:15,17:39,19:00
ذيبان,2026-12-06,05:55,07:16,12:28,15:15,17:39,19:00
ذيبان,2026-12-07,05:56,07:16,12:28,15:15,17:39,19:00
ذيبان,2026-12-08,05:57,07:17,12:29,15:15,17:39,19:00
ذيبان,2026-12-09,05:57,07:18,12:29,15:15,17:40,19:00
ذيبان,2026-12-10,05:58,07:19,12:30,15:16,17:40,19:01
ذيبان,2026-12-11,05:59,07:19,12:30,15:16,17:40,19:01
ذيبان,2026-12-12,05:59,07:20,12:31,15:16,17:40,19:01
ذيبان,2026-12-13,06:00,07:21,12:31,15:17,17:41,19:01
ذيبان,2026-12-14,06:00,07:21,12:31,15:17,17:41,19:02
ذيبان,2026-12-15,06:01,07:22,12:32,15:17,17:41,19:02
ذيبان,2026-12-16,06:02,07:23,12:32,15:18,17:42,19:03
ذيبان,2026-12-17,06:02,07:23,12:33,15:18,17:42,19:03
ذيبان,2026-12-18,06:03,07:24,12:33,15:18,17:42,19:03
ذيبان,2026-12-19,06:03,07:24,12:34,15:19,17:43,19:04
ذيبان,2026-12-20,06:04,07:25,12:34,15:19,17:43,19:04
ذيبان,2026-12-21,06:04,07:25,12:35,15:20,17:44,19:05
ذيبان,2026-12-22,06:05,07:26,12:35,15:20,17:44,19:05
ذيبان,2026-12-23,06:05,07:26,12:36,15:21,17:45,19:06
ذيبان,2026-12-24,06:06,07:27,12:36,15:21,17:45,19:06
ذيبان,2026-12-25,06:06,07:27,12:37,15:22,17:46,19:07
ذيبان,2026-12-26,06:07,07:28,12:37,15:22,17:46,19:07
ذيبان,2026-12-27,06:07,07:28,12:38,15:23,17:47,19:08
ذيبان,2026-12-28,06:08,07:28,12:38,15:24,17:48,19:09
ذيبان,2026-12-29,06:08,07:29,12:39,15:24,17:48,19:09
ذيبان,2026-12-30,06:08,07:29,12:39,15:25,17:49,19:10
ذيبان,2026-12-31,06:09,07:29,12:40,15:26,17:50,19:10
عمان، البلقاء، الزرقاء، مادبا,2026-03-12,05:29,06:44,12:46,16:10,18:48,20:04
عمان، البلقاء، الزرقاء، مادبا,2026-03-13,05:28,06:43,12:46,16:10,18:49,20:04
عمان، البلقاء، الزرقاء، مادبا,2026-03-14,05:27,06:42,12:46,16:10,18:50,20:05
عمان، البلقاء، الزرقاء، مادبا,2026-03-15,05:25,06:41,12:46,16:11,18:50,20:06
عمان، البلقاء، الزرقاء، مادبا,2026-03-16,05:24,06:39,12:45,16:11,18:51,20:07
عمان، البلقاء، الزرقاء، مادبا,2026-03-17,05:23,06:38,12:45,16:11,18:52,20:07
عمان، البلقاء، الزرقاء، مادبا,2026-03-18,05:21,06:37,12:45,16:11,18:53,20:08
عمان، البلقاء، الزرقاء، مادبا,2026-03-19,05:20,06:36,12:44,16:11,18:53,20:09
عمان، البلقاء، الزرقاء، مادبا,2026-03-20,05:19,06:34,12:44,16:12,18:54,20:10
عمان، البلقاء، الزرقاء، مادبا,2026-03-21,05:17,06:33,12:44,16:12,18:55,20:10
عمان، البلقاء، الزرقاء، مادبا,2026-03-22,05:16,06:32,12:44,16:12,18:55,20:11
عمان، البلقاء، الزرقاء، مادبا,2026-03-23,05:15,06:30,12:43,16:12,18:56,20:12
عمان، البلقاء، الزرقاء، مادبا,2026-03-24,05:13,06:29,12:43,16:12,18:57,20:13
عمان، البلقاء، الزرقاء، مادبا,2026-03-25,05:12,06:28,12:43,16:12,18:57,20:14
عمان، البلقاء، الزرقاء، مادبا,2026-03-26,05:10,06:27,12:42,16:13,18:58,20:14
عمان، البلقاء، الزرقاء، مادبا,2026-03-27,05:09,06:25,12:42,16:13,18:59,20:15
عمان، البلقاء، الزرقاء، مادبا,2026-03-28,05:08,06:24,12:42,16:13,18:59,20:16
عمان، البلقاء، الزرقاء، مادبا,2026-03-29,05:06,06:23,12:41,16:13,19:00,20:17
عمان، البلقاء، الزرقاء، مادبا,2026-03-30,05:05,06:21,12:41,16:13,19:01,20:18
عمان، البلقاء، الزرقاء، مادبا,2026-03-31,05:03,06:20,12:41,16:13,19:01,20:18
عمان، البلقاء، الزرقاء، مادبا,2026-04-01,05:02,06:19,12:41,16:13,19:02,20:19
عمان، البلقاء، الزرقاء، مادبا,2026-04-02,05:01,06:18,12:40,16:13,19:03,20:20
عمان، البلقاء، الزرقاء، مادبا,2026-04-03,04:59,06:16,12:40,16:13,19:04,20:21
عمان، البلقاء، الزرقاء، مادبا,2026-04-04,04:58,06:15,12:40,16:13,19:04,20:22
عمان، البلقاء، الزرقاء، مادبا,2026-04-05,04:56,06:14,12:39,16:13,19:05,20:23
عمان، البلقاء، الزرقاء، مادبا,2026-04-06,04:55,06:12,12:39,16:14,19:06,20:23
عمان، البلقاء، الزرقاء، مادبا,2026-04-07,04:53,06:11,12:39,16:14,19:06,20:24
عمان، البلقاء، الزرقاء، مادبا,2026-04-08,04:52,06:10,12:39,16:14,19:07,20:25
عمان، البلقاء، الزرقاء، مادبا,2026-04-09,04:51,06:09,12:38,16:14,19:08,20:26
عمان، البلقاء، الزرقاء، مادبا,2026-04-10,04:49,06:08,12:38,16:14,19:08,20:27
عمان، البلقاء، الزرقاء، مادبا,2026-04-11,04:48,06:06,12:38,16:14,19:09,20:28
عمان، البلقاء، الزرقاء، مادبا,2026-04-12,04:46,06:05,12:37,16:14,19:10,20:29
عمان، البلقاء، الزرقاء، مادبا,2026-04-13,04:45,06:04,12:37,16:14,19:10,20:30
عمان، البلقاء، الزرقاء، مادبا,2026-04-14,04:44,06:03,12:37,16:14,19:11,20:30
عمان، البلقاء، الزرقاء، مادبا,2026-04-15,04:42,06:01,12:37,16:14,19:12,20:31
عمان، البلقاء، الزرقاء، مادبا,2026-04-16,04:41,06:00,12:36,16:14,19:13,20:32
عمان، البلقاء، الزرقاء، مادبا,2026-04-17,04:39,05:59,12:36,16:14,19:13,20:33
عمان، البلقاء، الزرقاء، مادبا,2026-04-18,04:38,05:58,12:36,16:14,19:14,20:34
عمان، البلقاء، الزرقاء، مادبا,2026-04-19,04:37,05:57,12:36,16:14,19:15,20:35
عمان، البلقاء، الزرقاء، مادبا,2026-04-20,04:35,05:56,12:36,16:14,19:15,20:36
عمان، البلقاء، الزرقاء، مادبا,2026-04-21,04:34,05:55,12:35,16:14,19:16,20:37
عمان، البلقاء، الزرقاء، مادبا,2026-04-22,04:33,05:53,12:35,16:14,19:17,20:38
عمان، البلقاء، الزرقاء، مادبا,2026-04-23,04:31,05:52,12:35,16:14,19:17,20:39
عمان، البلقاء، الزرقاء، مادبا,2026-04-24,04:30,05:51,12:35,16:14,19:18,20:40
عمان، البلقاء، الزرقاء، مادبا,2026-04-25,04:29,05:50,12:35,16:14,19:19,20:41
عمان، البلقاء، الزرقاء، مادبا,2026-04-26,04:27,05:49,12:34,16:14,19:20,20:42
عمان، البلقاء، الزرقاء، مادبا,2026-04-27,04:26,05:48,12:34,16:14,19:20,20:43
عمان، البلقاء، الزرقاء، مادبا,2026-04-28,04:25,05:47,12:34,16:14,19:21,20:44
عمان، البلقاء، الزرقاء، مادبا,2026-04-29,04:23,05:46,12:34,16:14,19:22,20:45
عمان، البلقاء، الزرقاء، مادبا,2026-04-30,04:22,05:45,12:34,16:14,19:23,20:46
عمان، البلقاء، الزرقاء، مادبا,2026-05-01,04:21,05:44,12:34,16:14,19:23,20:47
عمان، البلقاء، الزرقاء، مادبا,2026-05-02,04:20,05:43,12:34,16:14,19:24,20:48
عمان، البلقاء، الزرقاء، مادبا,2026-05-03,04:19,05:42,12:34,16:14,19:25,20:49
عمان، البلقاء، الزرقاء، مادبا,2026-05-04,04:17,05:41,12:33,16:14,19:25,20:50
عمان، البلقاء، الزرقاء، مادبا,2026-05-05,04:16,05:40,12:33,16:14,19:26,20:51
عمان، البلقاء، الزرقاء، مادبا,2026-05-06,04:15,05:39,12:33,16:14,19:27,20:52
عمان، البلقاء، الزرقاء، مادبا,2026-05-07,04:14,05:39,12:33,16:14,19:28,20:53
عمان، البلقاء، الزرقاء، مادبا,2026-05-08,04:13,05:38,12:33,16:14,19:28,20:54
عمان، البلقاء، الزرقاء، مادبا,2026-05-09,04:12,05:37,12:33,16:14,19:29,20:55
عمان، البلقاء، الزرقاء، مادبا,2026-05-10,04:10,05:36,12:33,16:14,19:30,20:56
عمان، البلقاء، الزرقاء، مادبا,2026-05-11,04:09,05:35,12:33,16:14,19:30,20:57
عمان، البلقاء، الزرقاء، مادبا,2026-05-12,04:08,05:35,12:33,16:14,19:31,20:58
عمان، البلقاء، الزرقاء، مادبا,2026-05-13,04:07,05:34,12:33,16:14,19:32,20:59
عمان، البلقاء، الزرقاء، مادبا,2026-05-14,04:06,05:33,12:33,16:14,19:33,21:00
عمان، البلقاء، الزرقاء، مادبا,2026-05-15,04:05,05:32,12:33,16:14,19:33,21:01
عمان، البلقاء، الزرقاء، مادبا,2026-05-16,04:04,05:32,12:33,16:14,19:34,21:02
عمان، البلقاء، الزرقاء، مادبا,2026-05-17,04:03,05:31,12:33,16:14,19:35,21:03
عمان، البلقاء، الزرقاء، مادبا,2026-05-18,04:03,05:30,12:33,16:14,19:35,21:04
عمان، البلقاء، الزرقاء، مادبا,2026-05-19,04:02,05:30,12:33,16:14,19:36,21:05
عمان، البلقاء، الزرقاء، مادبا,2026-05-20,04:01,05:29,12:33,16:14,19:37,21:06
عمان، البلقاء، الزرقاء، مادبا,2026-05-21,04:00,05:29,12:33,16:14,19:38,21:07
عمان، البلقاء، الزرقاء، مادبا,2026-05-22,03:59,05:28,12:33,16:14,19:38,21:07
عمان، البلقاء، الزرقاء، مادبا,2026-05-23,03:58,05:28,12:33,16:14,19:39,21:08
عمان، البلقاء، الزرقاء، مادبا,2026-05-24,03:58,05:27,12:34,16:14,19:40,21:09
عمان، البلقاء، الزرقاء، مادبا,2026-05-25,03:57,05:27,12:34,16:15,19:40,21:10
عمان، البلقاء، الزرقاء، مادبا,2026-05-26,03:56,05:26,12:34,16:15,19:41,21:11
عمان، البلقاء، الزرقاء، مادبا,2026-05-27,03:56,05:26,12:34,16:15,19:41,21:12
عمان، البلقاء، الزرقاء، مادبا,2026-05-28,03:55,05:25,12:34,16:15,19:42,21:13
عمان، البلقاء، الزرقاء، مادبا,2026-05-29,03:54,05:25,12:34,16:15,19:43,21:14
عمان، البلقاء، الزرقاء، مادبا,2026-05-30,03:54,05:25,12:34,16:15,19:43,21:14
عمان، البلقاء، الزرقاء، مادبا,2026-05-31,03:53,05:24,12:34,16:15,19:44,21:15
عمان، البلقاء، الزرقاء، مادبا,2026-06-01,03:53,05:24,12:35,16:15,19:44,21:16
عمان، البلقاء، الزرقاء، مادبا,2026-06-02,03:52,05:24,12:35,16:15,19:45,21:17
عمان، البلقاء، الزرقاء، مادبا,2026-06-03,03:52,05:24,12:35,16:16,19:46,21:18
عمان، البلقاء، الزرقاء، مادبا,2026-06-04,03:51,05:23,12:35,16:16,19:46,21:18
عمان، البلقاء، الزرقاء، مادبا,2026-06-05,03:51,05:23,12:35,16:16,19:47,21:19
عمان، البلقاء، الزرقاء، مادبا,2026-06-06,03:51,05:23,12:35,16:16,19:47,21:20
عمان، البلقاء، الزرقاء، مادبا,2026-06-07,03:50,05:23,12:36,16:16,19:48,21:20
عمان، البلقاء، الزرقاء، مادبا,2026-06-08,03:50,05:23,12:36,16:16,19:48,21:21
عمان، البلقاء، الزرقاء، مادبا,2026-06-09,03:50,05:23,12:36,16:17,19:49,21:22
عمان، البلقاء، الزرقاء، مادبا,2026-06-10,03:50,05:23,12:36,16:17,19:49,21:22
عمان، البلقاء، الزرقاء، مادبا,2026-06-11,03:50,05:23,12:36,16:17,19:49,21:23
عمان، البلقاء، الزرقاء، مادبا,2026-06-12,03:49,05:23,12:37,16:17,19:50,21:23
عمان، البلقاء، الزرقاء، مادبا,2026-06-13,03:49,05:23,12:37,16:17,19:50,21:24
عمان، البلقاء، الزرقاء، مادبا,2026-06-14,03:49,05:23,12:37,16:18,19:51,21:24
عمان، البلقاء، الزرقاء، مادبا,2026-06-15,03:49,05:23,12:37,16:18,19:51,21:24
عمان، البلقاء، الزرقاء، مادبا,2026-06-16,03:49,05:23,12:37,16:18,19:51,21:25
عمان، البلقاء، الزرقاء، مادبا,2026-06-17,03:49,05:23,12:38,16:18,19:52,21:25
عمان، البلقاء، الزرقاء، مادبا,2026-06-18,03:49,05:23,12:38,16:18,19:52,21:26
عمان، البلقاء، الزرقاء، مادبا,2026-06-19,03:50,05:23,12:38,16:19,19:52,21:26
عمان، البلقاء، الزرقاء، مادبا,2026-06-20,03:50,05:23,12:38,16:19,19:52,21:26
عمان، البلقاء، الزرقاء، مادبا,2026-06-21,03:50,05:24,12:38,16:19,19:53,21:26
عمان، البلقاء، الزرقاء، مادبا,2026-06-22,03:50,05:24,12:39,16:19,19:53,21:27
عمان، البلقاء، الزرقاء، مادبا,2026-06-23,03:50,05:24,12:39,16:19,19:53,21:27
عمان، البلقاء، الزرقاء، مادبا,2026-06-24,03:51,05:24,12:39,16:20,19:53,21:27
عمان، البلقاء، الزرقاء، مادبا,2026-06-25,03:51,05:25,12:39,16:20,19:53,21:27
عمان، البلقاء، الزرقاء، مادبا,2026-06-26,03:51,05:25,12:40,16:20,19:53,21:27
عمان، البلقاء، الزرقاء، مادبا,2026-06-27,03:52,05:25,12:40,16:20,19:53,21:27
عمان، البلقاء، الزرقاء، مادبا,2026-06-28,03:52,05:26,12:40,16:21,19:53,21:27
عمان، البلقاء، الزرقاء، مادبا,2026-06-29,03:53,05:26,12:40,16:21,19:54,21:27
عمان، البلقاء، الزرقاء، مادبا,2026-06-30,03:53,05:26,12:40,16:21,19:54,21:27
عمان، البلقاء، الزرقاء، مادبا,2026-07-01,03:54,05:27,12:41,16:21,19:53,21:27
عمان، البلقاء، الزرقاء، مادبا,2026-07-02,03:54,05:27,12:41,16:21,19:53,21:26
عمان، البلقاء، الزرقاء، مادبا,2026-07-03,03:55,05:28,12:41,16:22,19:53,21:26
عمان، البلقاء، الزرقاء، مادبا,2026-07-04,03:55,05:28,12:41,16:22,19:53,21:26
عمان، البلقاء، الزرقاء، مادبا,2026-07-05,03:56,05:29,12:41,16:22,19:53,21:26
عمان، البلقاء، الزرقاء، مادبا,2026-07-06,03:57,05:29,12:41,16:22,19:53,21:25
عمان، البلقاء، الزرقاء، مادبا,2026-07-07,03:57,05:30,12:42,16:22,19:53,21:25
عمان، البلقاء، الزرقاء، مادبا,2026-07-08,03:58,05:30,12:42,16:22,19:53,21:25
عمان، البلقاء، الزرقاء، مادبا,2026-07-09,03:59,05:31,12:42,16:23,19:52,21:24
عمان، البلقاء، الزرقاء، مادبا,2026-07-10,03:59,05:31,12:42,16:23,19:52,21:24
عمان، البلقاء، الزرقاء، مادبا,2026-07-11,04:00,05:32,12:42,16:23,19:52,21:23
عمان، البلقاء، الزرقاء، مادبا,2026-07-12,04:01,05:32,12:42,16:23,19:52,21:23
عمان، البلقاء، الزرقاء، مادبا,2026-07-13,04:02,05:33,12:42,16:23,19:51,21:22
عمان، البلقاء، الزرقاء، مادبا,2026-07-14,04:02,05:33,12:43,16:23,19:51,21:22
عمان، البلقاء، الزرقاء، مادبا,2026-07-15,04:03,05:34,12:43,16:23,19:50,21:21
عمان، البلقاء، الزرقاء، مادبا,2026-07-16,04:04,05:35,12:43,16:24,19:50,21:20
عمان، البلقاء، الزرقاء، مادبا,2026-07-17,04:05,05:35,12:43,16:24,19:50,21:20
عمان، البلقاء، الزرقاء، مادبا,2026-07-18,04:06,05:36,12:43,16:24,19:49,21:19
عمان، البلقاء، الزرقاء، مادبا,2026-07-19,04:07,05:36,12:43,16:24,19:49,21:18
عمان، البلقاء، الزرقاء، مادبا,2026-07-20,04:07,05:37,12:43,16:24,19:48,21:17
عمان، البلقاء، الزرقاء، مادبا,2026-07-21,04:08,05:38,12:43,16:24,19:48,21:17
عمان، البلقاء، الزرقاء، مادبا,2026-07-22,04:09,05:38,12:43,16:24,19:47,21:16
عمان، البلقاء، الزرقاء، مادبا,2026-07-23,04:10,05:39,12:43,16:24,19:46,21:15
عمان، البلقاء، الزرقاء، مادبا,2026-07-24,04:11,05:40,12:43,16:24,19:46,21:14
عمان، البلقاء، الزرقاء، مادبا,2026-07-25,04:12,05:40,12:43,16:24,19:45,21:13
عمان، البلقاء، الزرقاء، مادبا,2026-07-26,04:13,05:41,12:43,16:24,19:45,21:12
عمان، البلقاء، الزرقاء، مادبا,2026-07-27,04:14,05:42,12:43,16:24,19:44,21:11
عمان، البلقاء، الزرقاء، مادبا,2026-07-28,04:15,05:42,12:43,16:24,19:43,21:10
عمان، البلقاء، الزرقاء، مادبا,2026-07-29,04:16,05:43,12:43,16:24,19:42,21:09
عمان، البلقاء، الزرقاء، مادبا,2026-07-30,04:17,05:44,12:43,16:24,19:42,21:08
عمان، البلقاء، الزرقاء، مادبا,2026-07-31,04:18,05:44,12:43,16:24,19:41,21:07
عمان، البلقاء، الزرقاء، مادبا,2026-08-01,04:19,05:45,12:43,16:24,19:40,21:06
عمان، البلقاء، الزرقاء، مادبا,2026-08-02,04:20,05:46,12:43,16:23,19:39,21:05
عمان، البلقاء، الزرقاء، مادبا,2026-08-03,04:21,05:46,12:43,16:23,19:38,21:04
عمان، البلقاء، الزرقاء، مادبا,2026-08-04,04:21,05:47,12:43,16:23,19:38,21:03
عمان، البلقاء، الزرقاء، مادبا,2026-08-05,04:22,05:48,12:43,16:23,19:37,21:02
عمان، البلقاء، الزرقاء، مادبا,2026-08-06,04:23,05:48,12:43,16:23,19:36,21:00
عمان، البلقاء، الزرقاء، مادبا,2026-08-07,04:24,05:49,12:42,16:23,19:35,20:59
عمان، البلقاء، الزرقاء، مادبا,2026-08-08,04:25,05:50,12:42,16:22,19:34,20:58
عمان، البلقاء، الزرقاء، مادبا,2026-08-09,04:26,05:50,12:42,16:22,19:33,20:57
عمان، البلقاء، الزرقاء، مادبا,2026-08-10,04:27,05:51,12:42,16:22,19:32,20:56
عمان، البلقاء، الزرقاء، مادبا,2026-08-11,04:28,05:52,12:42,16:22,19:31,20:54
عمان، البلقاء، الزرقاء، مادبا,2026-08-12,04:29,05:52,12:42,16:21,19:30,20:53
عمان، البلقاء، الزرقاء، مادبا,2026-08-13,04:30,05:53,12:42,16:21,19:29,20:52
عمان، البلقاء، الزرقاء، مادبا,2026-08-14,04:31,05:54,12:41,16:21,19:28,20:50
عمان، البلقاء، الزرقاء، مادبا,2026-08-15,04:32,05:54,12:41,16:20,19:27,20:49
عمان، البلقاء، الزرقاء، مادبا,2026-08-16,04:33,05:55,12:41,16:20,19:26,20:48
عمان، البلقاء، الزرقاء، مادبا,2026-08-17,04:34,05:56,12:41,16:20,19:25,20:46
عمان، البلقاء، الزرقاء، مادبا,2026-08-18,04:35,05:56,12:41,16:19,19:24,20:45
عمان، البلقاء، الزرقاء، مادبا,2026-08-19,04:36,05:57,12:40,16:19,19:23,20:44
عمان، البلقاء، الزرقاء، مادبا,2026-08-20,04:36,05:58,12:40,16:18,19:21,20:42
عمان، البلقاء، الزرقاء، مادبا,2026-08-21,04:37,05:58,12:40,16:18,19:20,20:41
عمان، البلقاء، الزرقاء، مادبا,2026-08-22,04:38,05:59,12:40,16:18,19:19,20:40
عمان، البلقاء، الزرقاء، مادبا,2026-08-23,04:39,06:00,12:39,16:17,19:18,20:38
عمان، البلقاء، الزرقاء، مادبا,2026-08-24,04:40,06:00,12:39,16:17,19:17,20:37
عمان، البلقاء، الزرقاء، مادبا,2026-08-25,04:41,06:01,12:39,16:16,19:16,20:35
عمان، البلقاء، الزرقاء، مادبا,2026-08-26,04:42,06:01,12:39,16:16,19:14,20:34
عمان، البلقاء، الزرقاء، مادبا,2026-08-27,04:43,06:02,12:38,16:15,19:13,20:33
عمان، البلقاء، الزرقاء، مادبا,2026-08-28,04:43,06:03,12:38,16:15,19:12,20:31
عمان، البلقاء، الزرقاء، مادبا,2026-08-29,04:44,06:03,12:38,16:14,19:11,20:30
عمان، البلقاء، الزرقاء، مادبا,2026-08-30,04:45,06:04,12:37,16:13,19:10,20:28
عمان، البلقاء، الزرقاء، مادبا,2026-08-31,04:46,06:05,12:37,16:13,19:08,20:27
عمان، البلقاء، الزرقاء، مادبا,2026-09-01,04:47,06:05,12:37,16:12,19:07,20:25
عمان، البلقاء، الزرقاء، مادبا,2026-09-02,04:47,06:06,12:36,16:12,19:06,20:24
عمان، البلقاء، الزرقاء، مادبا,2026-09-03,04:48,06:07,12:36,16:11,19:04,20:22
عمان، البلقاء، الزرقاء، مادبا,2026-09-04,04:49,06:07,12:36,16:10,19:03,20:21
عمان، البلقاء، الزرقاء، مادبا,2026-09-05,04:50,06:08,12:35,16:10,19:02,20:20
عمان، البلقاء، الزرقاء، مادبا,2026-09-06,04:51,06:08,12:35,16:09,19:01,20:18
عمان، البلقاء، الزرقاء، مادبا,2026-09-07,04:51,06:09,12:35,16:08,18:59,20:17
عمان، البلقاء، الزرقاء، مادبا,2026-09-08,04:52,06:10,12:34,16:08,18:58,20:15
عمان، البلقاء، الزرقاء، مادبا,2026-09-09,04:53,06:10,12:34,16:07,18:57,20:14
عمان، البلقاء، الزرقاء، مادبا,2026-09-10,04:54,06:11,12:34,16:06,18:55,20:12
عمان، البلقاء، الزرقاء، مادبا,2026-09-11,04:54,06:11,12:33,16:06,18:54,20:11
عمان، البلقاء، الزرقاء، مادبا,2026-09-12,04:55,06:12,12:33,16:05,18:53,20:09
عمان، البلقاء، الزرقاء، مادبا,2026-09-13,04:56,06:13,12:33,16:04,18:51,20:08
عمان، البلقاء، الزرقاء، مادبا,2026-09-14,04:57,06:13,12:32,16:03,18:50,20:07
عمان، البلقاء، الزرقاء، مادبا,2026-09-15,04:57,06:14,12:32,16:03,18:49,20:05
عمان، البلقاء، الزرقاء، مادبا,2026-09-16,04:58,06:15,12:32,16:02,18:47,20:04
عمان، البلقاء، الزرقاء، مادبا,2026-09-17,04:59,06:15,12:31,16:01,18:46,20:02
عمان، البلقاء، الزرقاء، مادبا,2026-09-18,05:00,06:16,12:31,16:00,18:45,20:01
عمان، البلقاء، الزرقاء، مادبا,2026-09-19,05:00,06:16,12:31,15:59,18:43,19:59
عمان، البلقاء، الزرقاء، مادبا,2026-09-20,05:01,06:17,12:30,15:59,18:42,19:58
عمان، البلقاء، الزرقاء، مادبا,2026-09-21,05:02,06:18,12:30,15:58,18:41,19:57
عمان، البلقاء، الزرقاء، مادبا,2026-09-22,05:02,06:18,12:29,15:57,18:39,19:55
عمان، البلقاء، الزرقاء، مادبا,2026-09-23,05:03,06:19,12:29,15:56,18:38,19:54
عمان، البلقاء، الزرقاء، مادبا,2026-09-24,05:04,06:19,12:29,15:55,18:37,19:52
عمان، البلقاء، الزرقاء، مادبا,2026-09-25,05:04,06:20,12:28,15:54,18:36,19:51
عمان، البلقاء، الزرقاء، مادبا,2026-09-26,05:05,06:21,12:28,15:54,18:34,19:50
عمان، البلقاء، الزرقاء، مادبا,2026-09-27,05:06,06:21,12:28,15:53,18:33,19:48
عمان، البلقاء، الزرقاء، مادبا,2026-09-28,05:07,06:22,12:27,15:52,18:32,19:47
عمان، البلقاء، الزرقاء، مادبا,2026-09-29,05:07,06:23,12:27,15:51,18:30,19:46
عمان، البلقاء، الزرقاء، مادبا,2026-09-30,05:08,06:23,12:27,15:50,18:29,19:44
عمان، البلقاء، الزرقاء، مادبا,2026-10-01,05:09,06:24,12:26,15:49,18:28,19:43
عمان، البلقاء، الزرقاء، مادبا,2026-10-02,05:09,06:25,12:26,15:48,18:26,19:42
عمان، البلقاء، الزرقاء، مادبا,2026-10-03,05:10,06:25,12:26,15:48,18:25,19:40
عمان، البلقاء، الزرقاء، مادبا,2026-10-04,05:11,06:26,12:25,15:47,18:24,19:39
عمان، البلقاء، الزرقاء، مادبا,2026-10-05,05:11,06:27,12:25,15:46,18:23,19:38
عمان، البلقاء، الزرقاء، مادبا,2026-10-06,05:12,06:27,12:25,15:45,18:21,19:36
عمان، البلقاء، الزرقاء، مادبا,2026-10-07,05:13,06:28,12:25,15:44,18:20,19:35
عمان، البلقاء، الزرقاء، مادبا,2026-10-08,05:13,06:29,12:24,15:43,18:19,19:34
عمان، البلقاء، الزرقاء، مادبا,2026-10-09,05:14,06:29,12:24,15:42,18:18,19:33
عمان، البلقاء، الزرقاء، مادبا,2026-10-10,05:15,06:30,12:24,15:42,18:16,19:32
عمان، البلقاء، الزرقاء، مادبا,2026-10-11,05:15,06:31,12:23,15:41,18:15,19:30
عمان، البلقاء، الزرقاء، مادبا,2026-10-12,05:16,06:31,12:23,15:40,18:14,19:29
عمان، البلقاء، الزرقاء، مادبا,2026-10-13,05:17,06:32,12:23,15:39,18:13,19:28
عمان، البلقاء، الزرقاء، مادبا,2026-10-14,05:17,06:33,12:23,15:38,18:12,19:27
عمان، البلقاء، الزرقاء، مادبا,2026-10-15,05:18,06:33,12:22,15:37,18:10,19:26
عمان، البلقاء، الزرقاء، مادبا,2026-10-16,05:19,06:34,12:22,15:36,18:09,19:25
عمان، البلقاء، الزرقاء، مادبا,2026-10-17,05:19,06:35,12:22,15:36,18:08,19:24
عمان، البلقاء، الزرقاء، مادبا,2026-10-18,05:20,06:36,12:22,15:35,18:07,19:23
عمان، البلقاء، الزرقاء، مادبا,2026-10-19,05:21,06:36,12:22,15:34,18:06,19:22
عمان، البلقاء، الزرقاء، مادبا,2026-10-20,05:21,06:37,12:22,15:33,18:05,19:20
عمان، البلقاء، الزرقاء، مادبا,2026-10-21,05:22,06:38,12:21,15:32,18:04,19:19
عمان، البلقاء، الزرقاء، مادبا,2026-10-22,05:23,06:39,12:21,15:32,18:03,19:18
عمان، البلقاء، الزرقاء، مادبا,2026-10-23,05:23,06:39,12:21,15:31,18:02,19:17
عمان، البلقاء، الزرقاء، مادبا,2026-10-24,05:24,06:40,12:21,15:30,18:01,19:17
عمان، البلقاء، الزرقاء، مادبا,2026-10-25,05:25,06:41,12:21,15:29,18:00,19:16
عمان، البلقاء، الزرقاء، مادبا,2026-10-26,05:26,06:42,12:21,15:28,17:59,19:15
عمان، البلقاء، الزرقاء، مادبا,2026-10-27,05:26,06:42,12:21,15:28,17:58,19:14
عمان، البلقاء، الزرقاء، مادبا,2026-10-28,05:27,06:43,12:20,15:27,17:57,19:13
عمان، البلقاء، الزرقاء، مادبا,2026-10-29,05:28,06:44,12:20,15:26,17:56,19:12
عمان، البلقاء، الزرقاء، مادبا,2026-10-30,05:28,06:45,12:20,15:26,17:55,19:11
عمان، البلقاء، الزرقاء، مادبا,2026-10-31,05:29,06:46,12:20,15:25,17:54,19:10
عمان، البلقاء، الزرقاء، مادبا,2026-11-01,05:30,06:46,12:20,15:24,17:53,19:10
عمان، البلقاء، الزرقاء، مادبا,2026-11-02,05:30,06:47,12:20,15:24,17:52,19:09
عمان، البلقاء، الزرقاء، مادبا,2026-11-03,05:31,06:48,12:20,15:23,17:51,19:08
عمان، البلقاء، الزرقاء، مادبا,2026-11-04,05:32,06:49,12:20,15:22,17:51,19:07
عمان، البلقاء، الزرقاء، مادبا,2026-11-05,05:33,06:50,12:20,15:22,17:50,19:07
عمان، البلقاء، الزرقاء، مادبا,2026-11-06,05:33,06:51,12:20,15:21,17:49,19:06
عمان، البلقاء، الزرقاء، مادبا,2026-11-07,05:34,06:51,12:20,15:21,17:48,19:06
عمان، البلقاء، الزرقاء، مادبا,2026-11-08,05:35,06:52,12:20,15:20,17:48,19:05
عمان، البلقاء، الزرقاء، مادبا,2026-11-09,05:36,06:53,12:20,15:19,17:47,19:04
عمان، البلقاء، الزرقاء، مادبا,2026-11-10,05:36,06:54,12:21,15:19,17:46,19:04
عمان، البلقاء، الزرقاء، مادبا,2026-11-11,05:37,06:55,12:21,15:18,17:46,19:03
عمان، البلقاء، الزرقاء، مادبا,2026-11-12,05:38,06:56,12:21,15:18,17:45,19:03
عمان، البلقاء، الزرقاء، مادبا,2026-11-13,05:39,06:57,12:21,15:17,17:44,19:02
عمان، البلقاء، الزرقاء، مادبا,2026-11-14,05:39,06:57,12:21,15:17,17:44,19:02
عمان، البلقاء، الزرقاء، مادبا,2026-11-15,05:40,06:58,12:21,15:17,17:43,19:01
عمان، البلقاء، الزرقاء، مادبا,2026-11-16,05:41,06:59,12:21,15:16,17:43,19:01
عمان، البلقاء، الزرقاء، مادبا,2026-11-17,05:42,07:00,12:22,15:16,17:42,19:01
عمان، البلقاء، الزرقاء، مادبا,2026-11-18,05:42,07:01,12:22,15:16,17:42,19:00
عمان، البلقاء، الزرقاء، مادبا,2026-11-19,05:43,07:02,12:22,15:15,17:41,19:00
عمان، البلقاء، الزرقاء، مادبا,2026-11-20,05:44,07:03,12:22,15:15,17:41,19:00
عمان، البلقاء، الزرقاء، مادبا,2026-11-21,05:45,07:03,12:23,15:15,17:41,18:59
عمان، البلقاء، الزرقاء، مادبا,2026-11-22,05:45,07:04,12:23,15:14,17:40,18:59
عمان، البلقاء، الزرقاء، مادبا,2026-11-23,05:46,07:05,12:23,15:14,17:40,18:59
عمان، البلقاء، الزرقاء، مادبا,2026-11-24,05:47,07:06,12:23,15:14,17:40,18:59
عمان، البلقاء، الزرقاء، مادبا,2026-11-25,05:48,07:07,12:24,15:14,17:39,18:59
عمان، البلقاء، الزرقاء، مادبا,2026-11-26,05:48,07:08,12:24,15:14,17:39,18:59
عمان، البلقاء، الزرقاء، مادبا,2026-11-27,05:49,07:09,12:24,15:14,17:39,18:58
عمان، البلقاء، الزرقاء، مادبا,2026-11-28,05:50,07:09,12:25,15:13,17:39,18:58
عمان، البلقاء، الزرقاء، مادبا,2026-11-29,05:51,07:10,12:25,15:13,17:39,18:58
عمان، البلقاء، الزرقاء، مادبا,2026-11-30,05:51,07:11,12:25,15:13,17:39,18:58
عمان، البلقاء، الزرقاء، مادبا,2026-12-01,05:52,07:12,12:26,15:13,17:38,18:58
عمان، البلقاء، الزرقاء، مادبا,2026-12-02,05:53,07:13,12:26,15:13,17:38,18:58
عمان، البلقاء، الزرقاء، مادبا,2026-12-03,05:54,07:14,12:26,15:13,17:38,18:58
عمان، البلقاء، الزرقاء، مادبا,2026-12-04,05:54,07:14,12:27,15:13,17:38,18:59
عمان، البلقاء، الزرقاء، مادبا,2026-12-05,05:55,07:15,12:27,15:13,17:38,18:59
عمان، البلقاء، الزرقاء، مادبا,2026-12-06,05:56,07:16,12:28,15:14,17:39,18:59
عمان، البلقاء، الزرقاء، مادبا,2026-12-07,05:56,07:17,12:28,15:14,17:39,18:59
عمان، البلقاء، الزرقاء، مادبا,2026-12-08,05:57,07:18,12:29,15:14,17:39,18:59
عمان، البلقاء، الزرقاء، مادبا,2026-12-09,05:58,07:18,12:29,15:14,17:39,18:59
عمان، البلقاء، الزرقاء، مادبا,2026-12-10,05:58,07:19,12:29,15:14,17:39,19:00
عمان، البلقاء، الزرقاء، مادبا,2026-12-11,05:59,07:20,12:30,15:15,17:39,19:00
عمان، البلقاء، الزرقاء، مادبا,2026-12-12,06:00,07:20,12:30,15:15,17:40,19:00
عمان، البلقاء، الزرقاء، مادبا,2026-12-13,06:00,07:21,12:31,15:15,17:40,19:01
عمان، البلقاء، الزرقاء، مادبا,2026-12-14,06:01,07:22,12:31,15:15,17:40,19:01
عمان، البلقاء، الزرقاء، مادبا,2026-12-15,06:02,07:22,12:32,15:16,17:40,19:01
عمان، البلقاء، الزرقاء، مادبا,2026-12-16,06:02,07:23,12:32,15:16,17:41,19:02
عمان، البلقاء، الزرقاء، مادبا,2026-12-17,06:03,07:24,12:33,15:17,17:41,19:02
عمان، البلقاء، الزرقاء، مادبا,2026-12-18,06:03,07:24,12:33,15:17,17:42,19:02
عمان، البلقاء، الزرقاء، مادبا,2026-12-19,06:04,07:25,12:34,15:17,17:42,19:03
عمان، البلقاء، الزرقاء، مادبا,2026-12-20,06:04,07:25,12:34,15:18,17:42,19:03
عمان، البلقاء، الزرقاء، مادبا,2026-12-21,06:05,07:26,12:35,15:18,17:43,19:04
عمان، البلقاء، الزرقاء، مادبا,2026-12-22,06:05,07:26,12:35,15:19,17:43,19:04
عمان، البلقاء، الزرقاء، مادبا,2026-12-23,06:06,07:27,12:36,15:19,17:44,19:05
عمان، البلقاء، الزرقاء، مادبا,2026-12-24,06:06,07:27,12:36,15:20,17:44,19:05
عمان، البلقاء، الزرقاء، مادبا,2026-12-25,06:07,07:28,12:37,15:21,17:45,19:06
عمان، البلقاء، الزرقاء، مادبا,2026-12-26,06:07,07:28,12:37,15:21,17:46,19:07
عمان، البلقاء، الزرقاء، مادبا,2026-12-27,06:08,07:28,12:38,15:22,17:46,19:07
عمان، البلقاء، الزرقاء، مادبا,2026-12-28,06:08,07:29,12:38,15:22,17:47,19:08
عمان، البلقاء، الزرقاء، مادبا,2026-12-29,06:08,07:29,12:39,15:23,17:48,19:08
عمان، البلقاء، الزرقاء، مادبا,2026-12-30,06:09,07:29,12:39,15:24,17:48,19:09
عمان، البلقاء، الزرقاء، مادبا,2026-12-31,06:09,07:30,12:40,15:24,17:49,19:10
معان,2026-03-12,05:31,06:45,12:47,16:11,18:49,20:03
معان,2026-03-13,05:30,06:44,12:47,16:11,18:50,20:04
معان,2026-03-14,05:29,06:43,12:46,16:11,18:50,20:04
معان,2026-03-15,05:28,06:41,12:46,16:11,18:51,20:05
معان,2026-03-16,05:26,06:40,12:46,16:11,18:52,20:06
معان,2026-03-17,05:25,06:39,12:45,16:12,18:52,20:06
معان,2026-03-18,05:24,06:38,12:45,16:12,18:53,20:07
معان,2026-03-19,05:23,06:37,12:45,16:12,18:54,20:08
معان,2026-03-20,05:21,06:35,12:45,16:12,18:54,20:08
معان,2026-03-21,05:20,06:34,12:44,16:12,18:55,20:09
معان,2026-03-22,05:19,06:33,12:44,16:12,18:55,20:10
معان,2026-03-23,05:17,06:32,12:44,16:12,18:56,20:10
معان,2026-03-24,05:16,06:30,12:43,16:12,18:57,20:11
معان,2026-03-25,05:15,06:29,12:43,16:12,18:57,20:12
معان,2026-03-26,05:14,06:28,12:43,16:13,18:58,20:13
معان,2026-03-27,05:12,06:27,12:42,16:13,18:59,20:13
معان,2026-03-28,05:11,06:26,12:42,16:13,18:59,20:14
معان,2026-03-29,05:10,06:24,12:42,16:13,19:00,20:15
معان,2026-03-30,05:08,06:23,12:42,16:13,19:00,20:15
معان,2026-03-31,05:07,06:22,12:41,16:13,19:01,20:16
معان,2026-04-01,05:06,06:21,12:41,16:13,19:02,20:17
معان,2026-04-02,05:04,06:20,12:41,16:13,19:02,20:18
معان,2026-04-03,05:03,06:18,12:40,16:13,19:03,20:18
معان,2026-04-04,05:02,06:17,12:40,16:13,19:03,20:19
معان,2026-04-05,05:00,06:16,12:40,16:13,19:04,20:20
معان,2026-04-06,04:59,06:15,12:39,16:13,19:05,20:21
معان,2026-04-07,04:58,06:14,12:39,16:13,19:05,20:21
معان,2026-04-08,04:56,06:12,12:39,16:13,19:06,20:22
معان,2026-04-09,04:55,06:11,12:39,16:13,19:07,20:23
معان,2026-04-10,04:54,06:10,12:38,16:13,19:07,20:24
معان,2026-04-11,04:52,06:09,12:38,16:13,19:08,20:25
معان,2026-04-12,04:51,06:08,12:38,16:13,19:08,20:25
معان,2026-04-13,04:50,06:07,12:38,16:12,19:09,20:26
معان,2026-04-14,04:48,06:05,12:37,16:12,19:10,20:27
معان,2026-04-15,04:47,06:04,12:37,16:12,19:10,20:28
معان,2026-04-16,04:46,06:03,12:37,16:12,19:11,20:29
معان,2026-04-17,04:44,06:02,12:37,16:12,19:12,20:30
معان,2026-04-18,04:43,06:01,12:36,16:12,19:12,20:30
معان,2026-04-19,04:42,06:00,12:36,16:12,19:13,20:31
معان,2026-04-20,04:41,05:59,12:36,16:12,19:14,20:32
معان,2026-04-21,04:39,05:58,12:36,16:12,19:14,20:33
معان,2026-04-22,04:38,05:57,12:36,16:12,19:15,20:34
معان,2026-04-23,04:37,05:56,12:35,16:12,19:16,20:35
معان,2026-04-24,04:35,05:55,12:35,16:12,19:16,20:36
معان,2026-04-25,04:34,05:54,12:35,16:12,19:17,20:37
معان,2026-04-26,04:33,05:53,12:35,16:12,19:17,20:37
معان,2026-04-27,04:32,05:52,12:35,16:12,19:18,20:38
معان,2026-04-28,04:31,05:51,12:35,16:12,19:19,20:39
معان,2026-04-29,04:29,05:50,12:34,16:11,19:19,20:40
معان,2026-04-30,04:28,05:49,12:34,16:11,19:20,20:41
معان,2026-05-01,04:27,05:48,12:34,16:11,19:21,20:42
معان,2026-05-02,04:26,05:47,12:34,16:11,19:21,20:43
معان,2026-05-03,04:25,05:46,12:34,16:11,19:22,20:44
معان,2026-05-04,04:24,05:45,12:34,16:11,19:23,20:45
معان,2026-05-05,04:23,05:44,12:34,16:11,19:23,20:46
معان,2026-05-06,04:22,05:44,12:34,16:11,19:24,20:47
معان,2026-05-07,04:20,05:43,12:34,16:11,19:25,20:47
معان,2026-05-08,04:19,05:42,12:34,16:11,19:25,20:48
معان,2026-05-09,04:18,05:41,12:33,16:11,19:26,20:49
معان,2026-05-10,04:17,05:41,12:33,16:11,19:27,20:50
معان,2026-05-11,04:16,05:40,12:33,16:11,19:27,20:51
معان,2026-05-12,04:15,05:39,12:33,16:11,19:28,20:52
معان,2026-05-13,04:14,05:38,12:33,16:11,19:29,20:53
معان,2026-05-14,04:14,05:38,12:33,16:11,19:29,20:54
معان,2026-05-15,04:13,05:37,12:33,16:11,19:30,20:55
معان,2026-05-16,04:12,05:36,12:33,16:11,19:31,20:56
معان,2026-05-17,04:11,05:36,12:33,16:11,19:31,20:57
معان,2026-05-18,04:10,05:35,12:33,16:11,19:32,20:58
معان,2026-05-19,04:09,05:35,12:34,16:11,19:33,20:58
معان,2026-05-20,04:08,05:34,12:34,16:11,19:33,20:59
معان,2026-05-21,04:08,05:34,12:34,16:11,19:34,21:00
معان,2026-05-22,04:07,05:33,12:34,16:11,19:35,21:01
معان,2026-05-23,04:06,05:33,12:34,16:11,19:35,21:02
معان,2026-05-24,04:06,05:32,12:34,16:11,19:36,21:03
معان,2026-05-25,04:05,05:32,12:34,16:11,19:36,21:04
معان,2026-05-26,04:04,05:31,12:34,16:11,19:37,21:04
معان,2026-05-27,04:04,05:31,12:34,16:11,19:38,21:05
معان,2026-05-28,04:03,05:31,12:34,16:11,19:38,21:06
معان,2026-05-29,04:03,05:30,12:34,16:11,19:39,21:07
معان,2026-05-30,04:02,05:30,12:35,16:11,19:39,21:08
معان,2026-05-31,04:02,05:30,12:35,16:11,19:40,21:08
معان,2026-06-01,04:01,05:30,12:35,16:12,19:41,21:09
معان,2026-06-02,04:01,05:29,12:35,16:12,19:41,21:10
معان,2026-06-03,04:00,05:29,12:35,16:12,19:42,21:10
معان,2026-06-04,04:00,05:29,12:35,16:12,19:42,21:11
معان,2026-06-05,04:00,05:29,12:36,16:12,19:43,21:12
معان,2026-06-06,03:59,05:29,12:36,16:12,19:43,21:12
معان,2026-06-07,03:59,05:28,12:36,16:12,19:44,21:13
معان,2026-06-08,03:59,05:28,12:36,16:12,19:44,21:14
معان,2026-06-09,03:59,05:28,12:36,16:13,19:44,21:14
معان,2026-06-10,03:59,05:28,12:37,16:13,19:45,21:15
معان,2026-06-11,03:58,05:28,12:37,16:13,19:45,21:15
معان,2026-06-12,03:58,05:28,12:37,16:13,19:46,21:16
معان,2026-06-13,03:58,05:28,12:37,16:13,19:46,21:16
معان,2026-06-14,03:58,05:28,12:37,16:13,19:46,21:17
معان,2026-06-15,03:58,05:28,12:38,16:14,19:47,21:17
معان,2026-06-16,03:58,05:29,12:38,16:14,19:47,21:17
معان,2026-06-17,03:58,05:29,12:38,16:14,19:47,21:18
معان,2026-06-18,03:58,05:29,12:38,16:14,19:48,21:18
معان,2026-06-19,03:59,05:29,12:38,16:14,19:48,21:18
معان,2026-06-20,03:59,05:29,12:39,16:15,19:48,21:19
معان,2026-06-21,03:59,05:29,12:39,16:15,19:48,21:19
معان,2026-06-22,03:59,05:30,12:39,16:15,19:49,21:19
معان,2026-06-23,03:59,05:30,12:39,16:15,19:49,21:19
معان,2026-06-24,04:00,05:30,12:40,16:16,19:49,21:19
معان,2026-06-25,04:00,05:30,12:40,16:16,19:49,21:19
معان,2026-06-26,04:00,05:31,12:40,16:16,19:49,21:19
معان,2026-06-27,04:01,05:31,12:40,16:16,19:49,21:19
معان,2026-06-28,04:01,05:31,12:40,16:16,19:49,21:19
معان,2026-06-29,04:02,05:32,12:41,16:17,19:49,21:19
معان,2026-06-30,04:02,05:32,12:41,16:17,19:49,21:19
معان,2026-07-01,04:03,05:32,12:41,16:17,19:49,21:19
معان,2026-07-02,04:03,05:33,12:41,16:17,19:49,21:19
معان,2026-07-03,04:04,05:33,12:41,16:18,19:49,21:19
معان,2026-07-04,04:04,05:34,12:41,16:18,19:49,21:19
معان,2026-07-05,04:05,05:34,12:42,16:18,19:49,21:18
معان,2026-07-06,04:05,05:35,12:42,16:18,19:49,21:18
معان,2026-07-07,04:06,05:35,12:42,16:18,19:49,21:18
معان,2026-07-08,04:06,05:35,12:42,16:19,19:49,21:17
معان,2026-07-09,04:07,05:36,12:42,16:19,19:48,21:17
معان,2026-07-10,04:08,05:36,12:42,16:19,19:48,21:17
معان,2026-07-11,04:09,05:37,12:43,16:19,19:48,21:16
معان,2026-07-12,04:09,05:38,12:43,16:19,19:48,21:16
معان,2026-07-13,04:10,05:38,12:43,16:19,19:47,21:15
معان,2026-07-14,04:11,05:39,12:43,16:20,19:47,21:15
معان,2026-07-15,04:11,05:39,12:43,16:20,19:47,21:14
معان,2026-07-16,04:12,05:40,12:43,16:20,19:46,21:14
معان,2026-07-17,04:13,05:40,12:43,16:20,19:46,21:13
معان,2026-07-18,04:14,05:41,12:43,16:20,19:46,21:12
معان,2026-07-19,04:15,05:41,12:43,16:20,19:45,21:12
معان,2026-07-20,04:15,05:42,12:43,16:20,19:45,21:11
معان,2026-07-21,04:16,05:43,12:44,16:21,19:44,21:10
معان,2026-07-22,04:17,05:43,12:44,16:21,19:44,21:10
معان,2026-07-23,04:18,05:44,12:44,16:21,19:43,21:09
معان,2026-07-24,04:19,05:44,12:44,16:21,19:42,21:08
معان,2026-07-25,04:20,05:45,12:44,16:21,19:42,21:07
معان,2026-07-26,04:20,05:46,12:44,16:21,19:41,21:06
معان,2026-07-27,04:21,05:46,12:44,16:21,19:41,21:05
معان,2026-07-28,04:22,05:47,12:44,16:21,19:40,21:04
معان,2026-07-29,04:23,05:47,12:44,16:21,19:39,21:04
معان,2026-07-30,04:24,05:48,12:44,16:21,19:39,21:03
معان,2026-07-31,04:25,05:49,12:43,16:21,19:38,21:02
معان,2026-08-01,04:26,05:49,12:43,16:21,19:37,21:01
معان,2026-08-02,04:27,05:50,12:43,16:21,19:36,21:00
معان,2026-08-03,04:27,05:51,12:43,16:21,19:36,20:59
معان,2026-08-04,04:28,05:51,12:43,16:20,19:35,20:57
معان,2026-08-05,04:29,05:52,12:43,16:20,19:34,20:56
معان,2026-08-06,04:30,05:52,12:43,16:20,19:33,20:55
معان,2026-08-07,04:31,05:53,12:43,16:20,19:32,20:54
معان,2026-08-08,04:32,05:54,12:43,16:20,19:31,20:53
معان,2026-08-09,04:33,05:54,12:43,16:20,19:31,20:52
معان,2026-08-10,04:33,05:55,12:42,16:19,19:30,20:51
معان,2026-08-11,04:34,05:56,12:42,16:19,19:29,20:50
معان,2026-08-12,04:35,05:56,12:42,16:19,19:28,20:48
معان,2026-08-13,04:36,05:57,12:42,16:19,19:27,20:47
معان,2026-08-14,04:37,05:57,12:42,16:19,19:26,20:46
معان,2026-08-15,04:38,05:58,12:42,16:18,19:25,20:45
معان,2026-08-16,04:39,05:59,12:41,16:18,19:24,20:44
معان,2026-08-17,04:39,05:59,12:41,16:18,19:23,20:42
معان,2026-08-18,04:40,06:00,12:41,16:17,19:22,20:41
معان,2026-08-19,04:41,06:00,12:41,16:17,19:21,20:40
معان,2026-08-20,04:42,06:01,12:41,16:17,19:20,20:38
معان,2026-08-21,04:43,06:02,12:40,16:16,19:19,20:37
معان,2026-08-22,04:43,06:02,12:40,16:16,19:17,20:36
معان,2026-08-23,04:44,06:03,12:40,16:16,19:16,20:35
معان,2026-08-24,04:45,06:03,12:39,16:15,19:15,20:33
معان,2026-08-25,04:46,06:04,12:39,16:15,19:14,20:32
معان,2026-08-26,04:47,06:04,12:39,16:14,19:13,20:31
معان,2026-08-27,04:47,06:05,12:39,16:14,19:12,20:29
معان,2026-08-28,04:48,06:06,12:38,16:13,19:11,20:28
معان,2026-08-29,04:49,06:06,12:38,16:13,19:09,20:26
معان,2026-08-30,04:50,06:07,12:38,16:12,19:08,20:25
معان,2026-08-31,04:50,06:07,12:37,16:12,19:07,20:24
معان,2026-09-01,04:51,06:08,12:37,16:11,19:06,20:22
معان,2026-09-02,04:52,06:08,12:37,16:11,19:05,20:21
معان,2026-09-03,04:53,06:09,12:36,16:10,19:03,20:20
معان,2026-09-04,04:53,06:10,12:36,16:09,19:02,20:18
معان,2026-09-05,04:54,06:10,12:36,16:09,19:01,20:17
معان,2026-09-06,04:55,06:11,12:35,16:08,19:00,20:16
معان,2026-09-07,04:55,06:11,12:35,16:08,18:59,20:14
معان,2026-09-08,04:56,06:12,12:35,16:07,18:57,20:13
معان,2026-09-09,04:57,06:12,12:34,16:06,18:56,20:11
معان,2026-09-10,04:57,06:13,12:34,16:06,18:55,20:10
معان,2026-09-11,04:58,06:13,12:34,16:05,18:54,20:09
معان,2026-09-12,04:59,06:14,12:33,16:04,18:52,20:07
معان,2026-09-13,04:59,06:15,12:33,16:04,18:51,20:06
معان,2026-09-14,05:00,06:15,12:33,16:03,18:50,20:05
معان,2026-09-15,05:01,06:16,12:32,16:02,18:49,20:03
معان,2026-09-16,05:01,06:16,12:32,16:02,18:47,20:02
معان,2026-09-17,05:02,06:17,12:32,16:01,18:46,20:01
معان,2026-09-18,05:03,06:17,12:31,16:00,18:45,19:59
معان,2026-09-19,05:03,06:18,12:31,15:59,18:44,19:58
معان,2026-09-20,05:04,06:18,12:31,15:59,18:42,19:56
معان,2026-09-21,05:05,06:19,12:30,15:58,18:41,19:55
معان,2026-09-22,05:05,06:19,12:30,15:57,18:40,19:54
معان,2026-09-23,05:06,06:20,12:29,15:56,18:39,19:53
معان,2026-09-24,05:06,06:21,12:29,15:56,18:37,19:51
معان,2026-09-25,05:07,06:21,12:29,15:55,18:36,19:50
معان,2026-09-26,05:08,06:22,12:28,15:54,18:35,19:49
معان,2026-09-27,05:08,06:22,12:28,15:53,18:34,19:47
معان,2026-09-28,05:09,06:23,12:28,15:53,18:32,19:46
معان,2026-09-29,05:10,06:23,12:27,15:52,18:31,19:45
معان,2026-09-30,05:10,06:24,12:27,15:51,18:30,19:43
معان,2026-10-01,05:11,06:25,12:27,15:50,18:29,19:42
معان,2026-10-02,05:11,06:25,12:26,15:49,18:27,19:41
معان,2026-10-03,05:12,06:26,12:26,15:49,18:26,19:40
معان,2026-10-04,05:13,06:26,12:26,15:48,18:25,19:39
معان,2026-10-05,05:13,06:27,12:26,15:47,18:24,19:37
معان,2026-10-06,05:14,06:27,12:25,15:46,18:23,19:36
معان,2026-10-07,05:14,06:28,12:25,15:45,18:21,19:35
معان,2026-10-08,05:15,06:29,12:25,15:45,18:20,19:34
معان,2026-10-09,05:16,06:29,12:24,15:44,18:19,19:33
معان,2026-10-10,05:16,06:30,12:24,15:43,18:18,19:32
معان,2026-10-11,05:17,06:31,12:24,15:42,18:17,19:30
معان,2026-10-12,05:17,06:31,12:24,15:41,18:16,19:29
معان,2026-10-13,05:18,06:32,12:23,15:41,18:14,19:28
معان,2026-10-14,05:19,06:32,12:23,15:40,18:13,19:27
معان,2026-10-15,05:19,06:33,12:23,15:39,18:12,19:26
معان,2026-10-16,05:20,06:34,12:23,15:38,18:11,19:25
معان,2026-10-17,05:20,06:34,12:22,15:37,18:10,19:24
معان,2026-10-18,05:21,06:35,12:22,15:37,18:09,19:23
معان,2026-10-19,05:22,06:36,12:22,15:36,18:08,19:22
معان,2026-10-20,05:22,06:36,12:22,15:35,18:07,19:21
معان,2026-10-21,05:23,06:37,12:22,15:34,18:06,19:20
معان,2026-10-22,05:23,06:38,12:22,15:34,18:05,19:19
معان,2026-10-23,05:24,06:38,12:21,15:33,18:04,19:18
معان,2026-10-24,05:25,06:39,12:21,15:32,18:03,19:17
معان,2026-10-25,05:25,06:40,12:21,15:32,18:02,19:17
معان,2026-10-26,05:26,06:41,12:21,15:31,18:01,19:16
معان,2026-10-27,05:27,06:41,12:21,15:30,18:00,19:15
معان,2026-10-28,05:27,06:42,12:21,15:30,17:59,19:14
معان,2026-10-29,05:28,06:43,12:21,15:29,17:58,19:13
معان,2026-10-30,05:29,06:43,12:21,15:28,17:58,19:12
معان,2026-10-31,05:29,06:44,12:21,15:28,17:57,19:12
معان,2026-11-01,05:30,06:45,12:21,15:27,17:56,19:11
معان,2026-11-02,05:31,06:46,12:21,15:26,17:55,19:10
معان,2026-11-03,05:31,06:46,12:21,15:26,17:54,19:10
معان,2026-11-04,05:32,06:47,12:21,15:25,17:54,19:09
معان,2026-11-05,05:33,06:48,12:21,15:25,17:53,19:08
معان,2026-11-06,05:33,06:49,12:21,15:24,17:52,19:08
معان,2026-11-07,05:34,06:50,12:21,15:24,17:52,19:07
معان,2026-11-08,05:35,06:50,12:21,15:23,17:51,19:07
معان,2026-11-09,05:35,06:51,12:21,15:23,17:50,19:06
معان,2026-11-10,05:36,06:52,12:21,15:22,17:50,19:06
معان,2026-11-11,05:37,06:53,12:21,15:22,17:49,19:05
معان,2026-11-12,05:37,06:54,12:21,15:21,17:48,19:05
معان,2026-11-13,05:38,06:54,12:21,15:21,17:48,19:04
معان,2026-11-14,05:39,06:55,12:21,15:21,17:47,19:04
معان,2026-11-15,05:40,06:56,12:22,15:20,17:47,19:03
معان,2026-11-16,05:40,06:57,12:22,15:20,17:46,19:03
معان,2026-11-17,05:41,06:58,12:22,15:19,17:46,19:03
معان,2026-11-18,05:42,06:59,12:22,15:19,17:46,19:03
معان,2026-11-19,05:42,06:59,12:22,15:19,17:45,19:02
معان,2026-11-20,05:43,07:00,12:23,15:19,17:45,19:02
معان,2026-11-21,05:44,07:01,12:23,15:18,17:45,19:02
معان,2026-11-22,05:44,07:02,12:23,15:18,17:44,19:02
معان,2026-11-23,05:45,07:03,12:23,15:18,17:44,19:01
معان,2026-11-24,05:46,07:03,12:24,15:18,17:44,19:01
معان,2026-11-25,05:47,07:04,12:24,15:18,17:44,19:01
معان,2026-11-26,05:47,07:05,12:24,15:18,17:43,19:01
معان,2026-11-27,05:48,07:06,12:25,15:18,17:43,19:01
معان,2026-11-28,05:49,07:07,12:25,15:17,17:43,19:01
معان,2026-11-29,05:49,07:08,12:25,15:17,17:43,19:01
معان,2026-11-30,05:50,07:08,12:26,15:17,17:43,19:01
معان,2026-12-01,05:51,07:09,12:26,15:17,17:43,19:01
معان,2026-12-02,05:52,07:10,12:26,15:17,17:43,19:01
معان,2026-12-03,05:52,07:11,12:27,15:18,17:43,19:01
معان,2026-12-04,05:53,07:11,12:27,15:18,17:43,19:01
معان,2026-12-05,05:54,07:12,12:28,15:18,17:43,19:01
معان,2026-12-06,05:54,07:13,12:28,15:18,17:43,19:02
معان,2026-12-07,05:55,07:14,12:28,15:18,17:43,19:02
معان,2026-12-08,05:56,07:14,12:29,15:18,17:43,19:02
معان,2026-12-09,05:56,07:15,12:29,15:18,17:43,19:02
معان,2026-12-10,05:57,07:16,12:30,15:19,17:44,19:03
معان,2026-12-11,05:58,07:17,12:30,15:19,17:44,19:03
معان,2026-12-12,05:58,07:17,12:31,15:19,17:44,19:03
معان,2026-12-13,05:59,07:18,12:31,15:20,17:44,19:03
معان,2026-12-14,05:59,07:19,12:32,15:20,17:45,19:04
معان,2026-12-15,06:00,07:19,12:32,15:20,17:45,19:04
معان,2026-12-16,06:01,07:20,12:33,15:21,17:45,19:05
معان,2026-12-17,06:01,07:20,12:33,15:21,17:46,19:05
معان,2026-12-18,06:02,07:21,12:34,15:21,17:46,19:05
معان,2026-12-19,06:02,07:22,12:34,15:22,17:47,19:06
معان,2026-12-20,06:03,07:22,12:35,15:22,17:47,19:06
معان,2026-12-21,06:03,07:23,12:35,15:23,17:48,19:07
معان,2026-12-22,06:04,07:23,12:36,15:23,17:48,19:07
معان,2026-12-23,06:04,07:24,12:36,15:24,17:49,19:08
معان,2026-12-24,06:05,07:24,12:37,15:24,17:49,19:08
معان,2026-12-25,06:05,07:24,12:37,15:25,17:50,19:09
معان,2026-12-26,06:06,07:25,12:38,15:26,17:50,19:09
معان,2026-12-27,06:06,07:25,12:38,15:26,17:51,19:10
معان,2026-12-28,06:07,07:26,12:39,15:27,17:52,19:11
معان,2026-12-29,06:07,07:26,12:39,15:27,17:52,19:11
معان,2026-12-30,06:07,07:26,12:40,15:28,17:53,19:12
معان,2026-12-31,06:08,07:27,12:40,15:29,17:54,19:12
